传感器串号,时间是否重复,间隔时间,间隔类型,间隔单位,重复就省略,单位,变量类型,制造商,模块,房间编号,房间类型,楼层,面积,体积,家庭编号,时间,数据
sensor7,FALSE,30,FixedInterval,Minute,FALSE,%,Relative humidity,Onset,Hobo U12,Space68,Kitchen,-1,16.700311,41.750777,Building05,2014-10-15 15:30:00,61
sensor7,FALSE,30,FixedInterval,Minute,FALSE,%,Relative humidity,Onset,Hobo U12,Space68,Kitchen,-1,16.700311,41.750777,Building05,2014-10-16 04:30:00,62
sensor7,FALSE,30,FixedInterval,Minute,FALSE,%,Relative humidity,Onset,Hobo U12,Space68,Kitchen,-1,16.700311,41.750777,Building05,2014-10-16 04:00:00,61
sensor7,FALSE,30,FixedInterval,Minute,FALSE,%,Relative humidity,Onset,Hobo U12,Space68,Kitchen,-1,16.700311,41.750777,Building05,2014-10-16 03:30:00,61
sensor7,FALSE,30,FixedInterval,Minute,FALSE,%,Relative humidity,Onset,Hobo U12,Space68,Kitchen,-1,16.700311,41.750777,Building05,2014-10-16 03:00:00,61
sensor7,FALSE,30,FixedInterval,Minute,FALSE,%,Relative humidity,Onset,Hobo U12,Space68,Kitchen,-1,16.700311,41.750777,Building05,2014-10-16 02:30:00,61
sensor7,FALSE,30,FixedInterval,Minute,FALSE,%,Relative humidity,Onset,Hobo U12,Space68,Kitchen,-1,16.700311,41.750777,Building05,2014-10-16 02:00:00,61
sensor7,FALSE,30,FixedInterval,Minute,FALSE,%,Relative humidity,Onset,Hobo U12,Space68,Kitchen,-1,16.700311,41.750777,Building05,2014-10-16 01:30:00,61
sensor7,FALSE,30,FixedInterval,Minute,FALSE,%,Relative humidity,Onset,Hobo U12,Space68,Kitchen,-1,16.700311,41.750777,Building05,2014-10-16 01:00:00,61
sensor7,FALSE,30,FixedInterval,Minute,FALSE,%,Relative humidity,Onset,Hobo U12,Space68,Kitchen,-1,16.700311,41.750777,Building05,2014-10-16 00:30:00,60
sensor7,FALSE,30,FixedInterval,Minute,FALSE,%,Relative humidity,Onset,Hobo U12,Space68,Kitchen,-1,16.700311,41.750777,Building05,2014-10-16 00:00:00,60
sensor7,FALSE,30,FixedInterval,Minute,FALSE,%,Relative humidity,Onset,Hobo U12,Space68,Kitchen,-1,16.700311,41.750777,Building05,2014-10-15 23:30:00,60
sensor7,FALSE,30,FixedInterval,Minute,FALSE,%,Relative humidity,Onset,Hobo U12,Space68,Kitchen,-1,16.700311,41.750777,Building05,2014-10-15 23:00:00,59
sensor7,FALSE,30,FixedInterval,Minute,FALSE,%,Relative humidity,Onset,Hobo U12,Space68,Kitchen,-1,16.700311,41.750777,Building05,2014-10-15 22:30:00,58
sensor7,FALSE,30,FixedInterval,Minute,FALSE,%,Relative humidity,Onset,Hobo U12,Space68,Kitchen,-1,16.700311,41.750777,Building05,2014-10-15 22:00:00,58
sensor7,FALSE,30,FixedInterval,Minute,FALSE,%,Relative humidity,Onset,Hobo U12,Space68,Kitchen,-1,16.700311,41.750777,Building05,2014-10-15 21:30:00,58
sensor7,FALSE,30,FixedInterval,Minute,FALSE,%,Relative humidity,Onset,Hobo U12,Space68,Kitchen,-1,16.700311,41.750777,Building05,2014-10-15 21:00:00,57
sensor7,FALSE,30,FixedInterval,Minute,FALSE,%,Relative humidity,Onset,Hobo U12,Space68,Kitchen,-1,16.700311,41.750777,Building05,2014-10-15 20:30:00,57
sensor7,FALSE,30,FixedInterval,Minute,FALSE,%,Relative humidity,Onset,Hobo U12,Space68,Kitchen,-1,16.700311,41.750777,Building05,2014-10-15 20:00:00,58
sensor7,FALSE,30,FixedInterval,Minute,FALSE,%,Relative humidity,Onset,Hobo U12,Space68,Kitchen,-1,16.700311,41.750777,Building05,2014-10-15 19:30:00,57
sensor7,FALSE,30,FixedInterval,Minute,FALSE,%,Relative humidity,Onset,Hobo U12,Space68,Kitchen,-1,16.700311,41.750777,Building05,2014-10-15 19:00:00,58
sensor7,FALSE,30,FixedInterval,Minute,FALSE,%,Relative humidity,Onset,Hobo U12,Space68,Kitchen,-1,16.700311,41.750777,Building05,2014-10-15 18:30:00,58
sensor7,FALSE,30,FixedInterval,Minute,FALSE,%,Relative humidity,Onset,Hobo U12,Space68,Kitchen,-1,16.700311,41.750777,Building05,2014-10-15 18:00:00,62
sensor7,FALSE,30,FixedInterval,Minute,FALSE,%,Relative humidity,Onset,Hobo U12,Space68,Kitchen,-1,16.700311,41.750777,Building05,2014-10-15 17:30:00,62
sensor7,FALSE,30,FixedInterval,Minute,FALSE,%,Relative humidity,Onset,Hobo U12,Space68,Kitchen,-1,16.700311,41.750777,Building05,2014-10-15 17:00:00,59
sensor7,FALSE,30,FixedInterval,Minute,FALSE,%,Relative humidity,Onset,Hobo U12,Space68,Kitchen,-1,16.700311,41.750777,Building05,2014-10-15 16:30:00,60
sensor7,FALSE,30,FixedInterval,Minute,FALSE,%,Relative humidity,Onset,Hobo U12,Space68,Kitchen,-1,16.700311,41.750777,Building05,2014-10-15 16:00:00,61
sensor7,FALSE,30,FixedInterval,Minute,FALSE,%,Relative humidity,Onset,Hobo U12,Space68,Kitchen,-1,16.700311,41.750777,Building05,2014-10-14 18:00:00,61
sensor7,FALSE,30,FixedInterval,Minute,FALSE,%,Relative humidity,Onset,Hobo U12,Space68,Kitchen,-1,16.700311,41.750777,Building05,2014-10-14 17:30:00,71
sensor7,FALSE,30,FixedInterval,Minute,FALSE,%,Relative humidity,Onset,Hobo U12,Space68,Kitchen,-1,16.700311,41.750777,Building05,2014-10-14 17:00:00,58
sensor7,FALSE,30,FixedInterval,Minute,FALSE,%,Relative humidity,Onset,Hobo U12,Space68,Kitchen,-1,16.700311,41.750777,Building05,2014-10-14 16:30:00,58
sensor7,FALSE,30,FixedInterval,Minute,FALSE,%,Relative humidity,Onset,Hobo U12,Space68,Kitchen,-1,16.700311,41.750777,Building05,2014-10-14 16:00:00,58
sensor7,FALSE,30,FixedInterval,Minute,FALSE,%,Relative humidity,Onset,Hobo U12,Space68,Kitchen,-1,16.700311,41.750777,Building05,2014-10-14 15:30:00,58
sensor7,FALSE,30,FixedInterval,Minute,FALSE,%,Relative humidity,Onset,Hobo U12,Space68,Kitchen,-1,16.700311,41.750777,Building05,2014-10-14 15:00:00,58
sensor7,FALSE,30,FixedInterval,Minute,FALSE,%,Relative humidity,Onset,Hobo U12,Space68,Kitchen,-1,16.700311,41.750777,Building05,2014-10-14 14:30:00,58
sensor7,FALSE,30,FixedInterval,Minute,FALSE,%,Relative humidity,Onset,Hobo U12,Space68,Kitchen,-1,16.700311,41.750777,Building05,2014-10-14 14:00:00,58
sensor7,FALSE,30,FixedInterval,Minute,FALSE,%,Relative humidity,Onset,Hobo U12,Space68,Kitchen,-1,16.700311,41.750777,Building05,2014-10-14 13:30:00,58
sensor7,FALSE,30,FixedInterval,Minute,FALSE,%,Relative humidity,Onset,Hobo U12,Space68,Kitchen,-1,16.700311,41.750777,Building05,2014-10-14 13:00:00,58
sensor7,FALSE,30,FixedInterval,Minute,FALSE,%,Relative humidity,Onset,Hobo U12,Space68,Kitchen,-1,16.700311,41.750777,Building05,2014-10-14 12:30:00,58
sensor7,FALSE,30,FixedInterval,Minute,FALSE,%,Relative humidity,Onset,Hobo U12,Space68,Kitchen,-1,16.700311,41.750777,Building05,2014-10-14 12:00:00,59
sensor7,FALSE,30,FixedInterval,Minute,FALSE,%,Relative humidity,Onset,Hobo U12,Space68,Kitchen,-1,16.700311,41.750777,Building05,2014-10-14 11:30:00,60
sensor7,FALSE,30,FixedInterval,Minute,FALSE,%,Relative humidity,Onset,Hobo U12,Space68,Kitchen,-1,16.700311,41.750777,Building05,2014-10-14 11:00:00,61
sensor7,FALSE,30,FixedInterval,Minute,FALSE,%,Relative humidity,Onset,Hobo U12,Space68,Kitchen,-1,16.700311,41.750777,Building05,2014-10-14 10:30:00,59
sensor7,FALSE,30,FixedInterval,Minute,FALSE,%,Relative humidity,Onset,Hobo U12,Space68,Kitchen,-1,16.700311,41.750777,Building05,2014-10-14 10:00:00,58
sensor7,FALSE,30,FixedInterval,Minute,FALSE,%,Relative humidity,Onset,Hobo U12,Space68,Kitchen,-1,16.700311,41.750777,Building05,2014-10-14 09:30:00,58
sensor7,FALSE,30,FixedInterval,Minute,FALSE,%,Relative humidity,Onset,Hobo U12,Space68,Kitchen,-1,16.700311,41.750777,Building05,2014-10-14 09:00:00,59
sensor7,FALSE,30,FixedInterval,Minute,FALSE,%,Relative humidity,Onset,Hobo U12,Space68,Kitchen,-1,16.700311,41.750777,Building05,2014-10-14 08:30:00,57
sensor7,FALSE,30,FixedInterval,Minute,FALSE,%,Relative humidity,Onset,Hobo U12,Space68,Kitchen,-1,16.700311,41.750777,Building05,2014-10-14 08:00:00,58
sensor7,FALSE,30,FixedInterval,Minute,FALSE,%,Relative humidity,Onset,Hobo U12,Space68,Kitchen,-1,16.700311,41.750777,Building05,2014-10-14 07:30:00,59
sensor7,FALSE,30,FixedInterval,Minute,FALSE,%,Relative humidity,Onset,Hobo U12,Space68,Kitchen,-1,16.700311,41.750777,Building05,2014-10-14 07:00:00,59
sensor7,FALSE,30,FixedInterval,Minute,FALSE,%,Relative humidity,Onset,Hobo U12,Space68,Kitchen,-1,16.700311,41.750777,Building05,2014-10-14 06:30:00,61
sensor7,FALSE,30,FixedInterval,Minute,FALSE,%,Relative humidity,Onset,Hobo U12,Space68,Kitchen,-1,16.700311,41.750777,Building05,2014-10-14 06:00:00,61
sensor7,FALSE,30,FixedInterval,Minute,FALSE,%,Relative humidity,Onset,Hobo U12,Space68,Kitchen,-1,16.700311,41.750777,Building05,2014-10-14 05:30:00,60
sensor7,FALSE,30,FixedInterval,Minute,FALSE,%,Relative humidity,Onset,Hobo U12,Space68,Kitchen,-1,16.700311,41.750777,Building05,2014-10-14 05:00:00,61
sensor7,FALSE,30,FixedInterval,Minute,FALSE,%,Relative humidity,Onset,Hobo U12,Space68,Kitchen,-1,16.700311,41.750777,Building05,2014-10-14 04:30:00,61
sensor7,FALSE,30,FixedInterval,Minute,FALSE,%,Relative humidity,Onset,Hobo U12,Space68,Kitchen,-1,16.700311,41.750777,Building05,2014-10-14 04:00:00,60
sensor7,FALSE,30,FixedInterval,Minute,FALSE,%,Relative humidity,Onset,Hobo U12,Space68,Kitchen,-1,16.700311,41.750777,Building05,2014-10-14 03:30:00,60
sensor7,FALSE,30,FixedInterval,Minute,FALSE,%,Relative humidity,Onset,Hobo U12,Space68,Kitchen,-1,16.700311,41.750777,Building05,2014-10-14 03:00:00,60
sensor7,FALSE,30,FixedInterval,Minute,FALSE,%,Relative humidity,Onset,Hobo U12,Space68,Kitchen,-1,16.700311,41.750777,Building05,2014-10-14 02:30:00,60
sensor7,FALSE,30,FixedInterval,Minute,FALSE,%,Relative humidity,Onset,Hobo U12,Space68,Kitchen,-1,16.700311,41.750777,Building05,2014-10-14 02:00:00,60
sensor7,FALSE,30,FixedInterval,Minute,FALSE,%,Relative humidity,Onset,Hobo U12,Space68,Kitchen,-1,16.700311,41.750777,Building05,2014-10-14 01:30:00,60
sensor7,FALSE,30,FixedInterval,Minute,FALSE,%,Relative humidity,Onset,Hobo U12,Space68,Kitchen,-1,16.700311,41.750777,Building05,2014-10-14 01:00:00,59
sensor7,FALSE,30,FixedInterval,Minute,FALSE,%,Relative humidity,Onset,Hobo U12,Space68,Kitchen,-1,16.700311,41.750777,Building05,2014-10-14 00:30:00,59
sensor7,FALSE,30,FixedInterval,Minute,FALSE,%,Relative humidity,Onset,Hobo U12,Space68,Kitchen,-1,16.700311,41.750777,Building05,2014-10-14 00:00:00,58
sensor7,FALSE,30,FixedInterval,Minute,FALSE,%,Relative humidity,Onset,Hobo U12,Space68,Kitchen,-1,16.700311,41.750777,Building05,2014-10-13 23:30:00,58
sensor7,FALSE,30,FixedInterval,Minute,FALSE,%,Relative humidity,Onset,Hobo U12,Space68,Kitchen,-1,16.700311,41.750777,Building05,2014-10-13 23:00:00,57
sensor7,FALSE,30,FixedInterval,Minute,FALSE,%,Relative humidity,Onset,Hobo U12,Space68,Kitchen,-1,16.700311,41.750777,Building05,2014-10-13 22:30:00,57
sensor7,FALSE,30,FixedInterval,Minute,FALSE,%,Relative humidity,Onset,Hobo U12,Space68,Kitchen,-1,16.700311,41.750777,Building05,2014-10-13 22:00:00,57
sensor7,FALSE,30,FixedInterval,Minute,FALSE,%,Relative humidity,Onset,Hobo U12,Space68,Kitchen,-1,16.700311,41.750777,Building05,2014-10-13 21:30:00,57
sensor7,FALSE,30,FixedInterval,Minute,FALSE,%,Relative humidity,Onset,Hobo U12,Space68,Kitchen,-1,16.700311,41.750777,Building05,2014-10-13 21:00:00,57
sensor7,FALSE,30,FixedInterval,Minute,FALSE,%,Relative humidity,Onset,Hobo U12,Space68,Kitchen,-1,16.700311,41.750777,Building05,2014-10-12 23:00:00,54
sensor7,FALSE,30,FixedInterval,Minute,FALSE,%,Relative humidity,Onset,Hobo U12,Space68,Kitchen,-1,16.700311,41.750777,Building05,2014-10-12 22:30:00,53
sensor7,FALSE,30,FixedInterval,Minute,FALSE,%,Relative humidity,Onset,Hobo U12,Space68,Kitchen,-1,16.700311,41.750777,Building05,2014-10-12 22:00:00,53
sensor7,FALSE,30,FixedInterval,Minute,FALSE,%,Relative humidity,Onset,Hobo U12,Space68,Kitchen,-1,16.700311,41.750777,Building05,2014-10-12 21:30:00,53
sensor7,FALSE,30,FixedInterval,Minute,FALSE,%,Relative humidity,Onset,Hobo U12,Space68,Kitchen,-1,16.700311,41.750777,Building05,2014-10-12 21:00:00,53
sensor7,FALSE,30,FixedInterval,Minute,FALSE,%,Relative humidity,Onset,Hobo U12,Space68,Kitchen,-1,16.700311,41.750777,Building05,2014-10-12 20:30:00,52
sensor7,FALSE,30,FixedInterval,Minute,FALSE,%,Relative humidity,Onset,Hobo U12,Space68,Kitchen,-1,16.700311,41.750777,Building05,2014-10-12 20:00:00,53
sensor7,FALSE,30,FixedInterval,Minute,FALSE,%,Relative humidity,Onset,Hobo U12,Space68,Kitchen,-1,16.700311,41.750777,Building05,2014-10-12 19:30:00,53
sensor7,FALSE,30,FixedInterval,Minute,FALSE,%,Relative humidity,Onset,Hobo U12,Space68,Kitchen,-1,16.700311,41.750777,Building05,2014-10-12 19:00:00,53
sensor7,FALSE,30,FixedInterval,Minute,FALSE,%,Relative humidity,Onset,Hobo U12,Space68,Kitchen,-1,16.700311,41.750777,Building05,2014-10-12 18:30:00,53
sensor7,FALSE,30,FixedInterval,Minute,FALSE,%,Relative humidity,Onset,Hobo U12,Space68,Kitchen,-1,16.700311,41.750777,Building05,2014-10-12 18:00:00,54
sensor7,FALSE,30,FixedInterval,Minute,FALSE,%,Relative humidity,Onset,Hobo U12,Space68,Kitchen,-1,16.700311,41.750777,Building05,2014-10-12 17:30:00,55
sensor7,FALSE,30,FixedInterval,Minute,FALSE,%,Relative humidity,Onset,Hobo U12,Space68,Kitchen,-1,16.700311,41.750777,Building05,2014-10-12 17:00:00,53
sensor7,FALSE,30,FixedInterval,Minute,FALSE,%,Relative humidity,Onset,Hobo U12,Space68,Kitchen,-1,16.700311,41.750777,Building05,2014-10-12 16:30:00,53
sensor7,FALSE,30,FixedInterval,Minute,FALSE,%,Relative humidity,Onset,Hobo U12,Space68,Kitchen,-1,16.700311,41.750777,Building05,2014-10-12 16:00:00,53
sensor7,FALSE,30,FixedInterval,Minute,FALSE,%,Relative humidity,Onset,Hobo U12,Space68,Kitchen,-1,16.700311,41.750777,Building05,2014-10-12 15:30:00,52
sensor7,FALSE,30,FixedInterval,Minute,FALSE,%,Relative humidity,Onset,Hobo U12,Space68,Kitchen,-1,16.700311,41.750777,Building05,2014-10-12 15:00:00,52
sensor7,FALSE,30,FixedInterval,Minute,FALSE,%,Relative humidity,Onset,Hobo U12,Space68,Kitchen,-1,16.700311,41.750777,Building05,2014-10-12 14:30:00,53
sensor7,FALSE,30,FixedInterval,Minute,FALSE,%,Relative humidity,Onset,Hobo U12,Space68,Kitchen,-1,16.700311,41.750777,Building05,2014-10-12 14:00:00,52
sensor7,FALSE,30,FixedInterval,Minute,FALSE,%,Relative humidity,Onset,Hobo U12,Space68,Kitchen,-1,16.700311,41.750777,Building05,2014-10-12 13:30:00,68
sensor7,FALSE,30,FixedInterval,Minute,FALSE,%,Relative humidity,Onset,Hobo U12,Space68,Kitchen,-1,16.700311,41.750777,Building05,2014-10-12 13:00:00,60
sensor7,FALSE,30,FixedInterval,Minute,FALSE,%,Relative humidity,Onset,Hobo U12,Space68,Kitchen,-1,16.700311,41.750777,Building05,2014-10-12 12:30:00,59
sensor7,FALSE,30,FixedInterval,Minute,FALSE,%,Relative humidity,Onset,Hobo U12,Space68,Kitchen,-1,16.700311,41.750777,Building05,2014-10-12 12:00:00,54
sensor7,FALSE,30,FixedInterval,Minute,FALSE,%,Relative humidity,Onset,Hobo U12,Space68,Kitchen,-1,16.700311,41.750777,Building05,2014-10-12 11:30:00,52
sensor7,FALSE,30,FixedInterval,Minute,FALSE,%,Relative humidity,Onset,Hobo U12,Space68,Kitchen,-1,16.700311,41.750777,Building05,2014-10-12 11:00:00,51
sensor7,FALSE,30,FixedInterval,Minute,FALSE,%,Relative humidity,Onset,Hobo U12,Space68,Kitchen,-1,16.700311,41.750777,Building05,2014-10-12 10:30:00,51
sensor7,FALSE,30,FixedInterval,Minute,FALSE,%,Relative humidity,Onset,Hobo U12,Space68,Kitchen,-1,16.700311,41.750777,Building05,2014-10-12 10:00:00,52
sensor7,FALSE,30,FixedInterval,Minute,FALSE,%,Relative humidity,Onset,Hobo U12,Space68,Kitchen,-1,16.700311,41.750777,Building05,2014-10-12 09:30:00,53
sensor7,FALSE,30,FixedInterval,Minute,FALSE,%,Relative humidity,Onset,Hobo U12,Space68,Kitchen,-1,16.700311,41.750777,Building05,2014-10-12 09:00:00,54
sensor7,FALSE,30,FixedInterval,Minute,FALSE,%,Relative humidity,Onset,Hobo U12,Space68,Kitchen,-1,16.700311,41.750777,Building05,2014-10-12 08:30:00,52
sensor7,FALSE,30,FixedInterval,Minute,FALSE,%,Relative humidity,Onset,Hobo U12,Space68,Kitchen,-1,16.700311,41.750777,Building05,2014-10-12 08:00:00,52
sensor7,FALSE,30,FixedInterval,Minute,FALSE,%,Relative humidity,Onset,Hobo U12,Space68,Kitchen,-1,16.700311,41.750777,Building05,2014-10-12 07:30:00,53
sensor7,FALSE,30,FixedInterval,Minute,FALSE,%,Relative humidity,Onset,Hobo U12,Space68,Kitchen,-1,16.700311,41.750777,Building05,2014-10-12 07:00:00,54
sensor7,FALSE,30,FixedInterval,Minute,FALSE,%,Relative humidity,Onset,Hobo U12,Space68,Kitchen,-1,16.700311,41.750777,Building05,2014-10-12 06:30:00,54
sensor7,FALSE,30,FixedInterval,Minute,FALSE,%,Relative humidity,Onset,Hobo U12,Space68,Kitchen,-1,16.700311,41.750777,Building05,2014-10-12 06:00:00,54
sensor7,FALSE,30,FixedInterval,Minute,FALSE,%,Relative humidity,Onset,Hobo U12,Space68,Kitchen,-1,16.700311,41.750777,Building05,2014-10-12 05:30:00,55
sensor7,FALSE,30,FixedInterval,Minute,FALSE,%,Relative humidity,Onset,Hobo U12,Space68,Kitchen,-1,16.700311,41.750777,Building05,2014-10-12 05:00:00,55
sensor7,FALSE,30,FixedInterval,Minute,FALSE,%,Relative humidity,Onset,Hobo U12,Space68,Kitchen,-1,16.700311,41.750777,Building05,2014-10-12 04:30:00,55
sensor7,FALSE,30,FixedInterval,Minute,FALSE,%,Relative humidity,Onset,Hobo U12,Space68,Kitchen,-1,16.700311,41.750777,Building05,2014-10-12 04:00:00,56
sensor7,FALSE,30,FixedInterval,Minute,FALSE,%,Relative humidity,Onset,Hobo U12,Space68,Kitchen,-1,16.700311,41.750777,Building05,2014-10-12 03:30:00,56
sensor7,FALSE,30,FixedInterval,Minute,FALSE,%,Relative humidity,Onset,Hobo U12,Space68,Kitchen,-1,16.700311,41.750777,Building05,2014-10-12 03:00:00,56
sensor7,FALSE,30,FixedInterval,Minute,FALSE,%,Relative humidity,Onset,Hobo U12,Space68,Kitchen,-1,16.700311,41.750777,Building05,2014-10-12 02:30:00,56
sensor7,FALSE,30,FixedInterval,Minute,FALSE,%,Relative humidity,Onset,Hobo U12,Space68,Kitchen,-1,16.700311,41.750777,Building05,2014-10-12 02:00:00,56
sensor7,FALSE,30,FixedInterval,Minute,FALSE,%,Relative humidity,Onset,Hobo U12,Space68,Kitchen,-1,16.700311,41.750777,Building05,2014-10-12 01:30:00,57
sensor7,FALSE,30,FixedInterval,Minute,FALSE,%,Relative humidity,Onset,Hobo U12,Space68,Kitchen,-1,16.700311,41.750777,Building05,2014-10-12 01:00:00,56
sensor7,FALSE,30,FixedInterval,Minute,FALSE,%,Relative humidity,Onset,Hobo U12,Space68,Kitchen,-1,16.700311,41.750777,Building05,2014-10-12 00:30:00,56
sensor7,FALSE,30,FixedInterval,Minute,FALSE,%,Relative humidity,Onset,Hobo U12,Space68,Kitchen,-1,16.700311,41.750777,Building05,2014-10-12 00:00:00,56
sensor7,FALSE,30,FixedInterval,Minute,FALSE,%,Relative humidity,Onset,Hobo U12,Space68,Kitchen,-1,16.700311,41.750777,Building05,2014-10-11 23:30:00,56
sensor7,FALSE,30,FixedInterval,Minute,FALSE,%,Relative humidity,Onset,Hobo U12,Space68,Kitchen,-1,16.700311,41.750777,Building05,2014-10-11 23:00:00,56
sensor7,FALSE,30,FixedInterval,Minute,FALSE,%,Relative humidity,Onset,Hobo U12,Space68,Kitchen,-1,16.700311,41.750777,Building05,2014-10-11 22:30:00,56
sensor7,FALSE,30,FixedInterval,Minute,FALSE,%,Relative humidity,Onset,Hobo U12,Space68,Kitchen,-1,16.700311,41.750777,Building05,2014-10-11 22:00:00,56
sensor7,FALSE,30,FixedInterval,Minute,FALSE,%,Relative humidity,Onset,Hobo U12,Space68,Kitchen,-1,16.700311,41.750777,Building05,2014-10-11 21:30:00,55
sensor7,FALSE,30,FixedInterval,Minute,FALSE,%,Relative humidity,Onset,Hobo U12,Space68,Kitchen,-1,16.700311,41.750777,Building05,2014-10-11 21:00:00,55
sensor7,FALSE,30,FixedInterval,Minute,FALSE,%,Relative humidity,Onset,Hobo U12,Space68,Kitchen,-1,16.700311,41.750777,Building05,2014-10-11 20:30:00,56
sensor7,FALSE,30,FixedInterval,Minute,FALSE,%,Relative humidity,Onset,Hobo U12,Space68,Kitchen,-1,16.700311,41.750777,Building05,2014-10-11 20:00:00,56
sensor7,FALSE,30,FixedInterval,Minute,FALSE,%,Relative humidity,Onset,Hobo U12,Space68,Kitchen,-1,16.700311,41.750777,Building05,2014-10-11 19:30:00,57
sensor7,FALSE,30,FixedInterval,Minute,FALSE,%,Relative humidity,Onset,Hobo U12,Space68,Kitchen,-1,16.700311,41.750777,Building05,2014-10-11 19:00:00,56
sensor7,FALSE,30,FixedInterval,Minute,FALSE,%,Relative humidity,Onset,Hobo U12,Space68,Kitchen,-1,16.700311,41.750777,Building05,2014-10-11 18:30:00,56
sensor7,FALSE,30,FixedInterval,Minute,FALSE,%,Relative humidity,Onset,Hobo U12,Space68,Kitchen,-1,16.700311,41.750777,Building05,2014-10-11 18:00:00,57
sensor7,FALSE,30,FixedInterval,Minute,FALSE,%,Relative humidity,Onset,Hobo U12,Space68,Kitchen,-1,16.700311,41.750777,Building05,2014-10-11 17:30:00,58
sensor7,FALSE,30,FixedInterval,Minute,FALSE,%,Relative humidity,Onset,Hobo U12,Space68,Kitchen,-1,16.700311,41.750777,Building05,2014-10-11 17:00:00,57
sensor7,FALSE,30,FixedInterval,Minute,FALSE,%,Relative humidity,Onset,Hobo U12,Space68,Kitchen,-1,16.700311,41.750777,Building05,2014-10-11 16:30:00,57
sensor7,FALSE,30,FixedInterval,Minute,FALSE,%,Relative humidity,Onset,Hobo U12,Space68,Kitchen,-1,16.700311,41.750777,Building05,2014-10-11 16:00:00,58
sensor7,FALSE,30,FixedInterval,Minute,FALSE,%,Relative humidity,Onset,Hobo U12,Space68,Kitchen,-1,16.700311,41.750777,Building05,2014-10-11 15:30:00,56
sensor7,FALSE,30,FixedInterval,Minute,FALSE,%,Relative humidity,Onset,Hobo U12,Space68,Kitchen,-1,16.700311,41.750777,Building05,2014-10-11 15:00:00,56
sensor7,FALSE,30,FixedInterval,Minute,FALSE,%,Relative humidity,Onset,Hobo U12,Space68,Kitchen,-1,16.700311,41.750777,Building05,2014-10-11 14:30:00,57
sensor7,FALSE,30,FixedInterval,Minute,FALSE,%,Relative humidity,Onset,Hobo U12,Space68,Kitchen,-1,16.700311,41.750777,Building05,2014-10-11 14:00:00,57
sensor7,FALSE,30,FixedInterval,Minute,FALSE,%,Relative humidity,Onset,Hobo U12,Space68,Kitchen,-1,16.700311,41.750777,Building05,2014-10-11 13:30:00,57
sensor7,FALSE,30,FixedInterval,Minute,FALSE,%,Relative humidity,Onset,Hobo U12,Space68,Kitchen,-1,16.700311,41.750777,Building05,2014-10-11 13:00:00,57
sensor7,FALSE,30,FixedInterval,Minute,FALSE,%,Relative humidity,Onset,Hobo U12,Space68,Kitchen,-1,16.700311,41.750777,Building05,2014-10-11 12:30:00,57
sensor7,FALSE,30,FixedInterval,Minute,FALSE,%,Relative humidity,Onset,Hobo U12,Space68,Kitchen,-1,16.700311,41.750777,Building05,2014-10-11 12:00:00,58
sensor7,FALSE,30,FixedInterval,Minute,FALSE,%,Relative humidity,Onset,Hobo U12,Space68,Kitchen,-1,16.700311,41.750777,Building05,2014-10-11 11:30:00,56
sensor7,FALSE,30,FixedInterval,Minute,FALSE,%,Relative humidity,Onset,Hobo U12,Space68,Kitchen,-1,16.700311,41.750777,Building05,2014-10-11 11:00:00,56
sensor7,FALSE,30,FixedInterval,Minute,FALSE,%,Relative humidity,Onset,Hobo U12,Space68,Kitchen,-1,16.700311,41.750777,Building05,2014-10-11 10:30:00,56
sensor7,FALSE,30,FixedInterval,Minute,FALSE,%,Relative humidity,Onset,Hobo U12,Space68,Kitchen,-1,16.700311,41.750777,Building05,2014-10-11 10:00:00,56
sensor7,FALSE,30,FixedInterval,Minute,FALSE,%,Relative humidity,Onset,Hobo U12,Space68,Kitchen,-1,16.700311,41.750777,Building05,2014-10-11 09:30:00,57
sensor7,FALSE,30,FixedInterval,Minute,FALSE,%,Relative humidity,Onset,Hobo U12,Space68,Kitchen,-1,16.700311,41.750777,Building05,2014-10-11 09:00:00,57
sensor7,FALSE,30,FixedInterval,Minute,FALSE,%,Relative humidity,Onset,Hobo U12,Space68,Kitchen,-1,16.700311,41.750777,Building05,2014-10-11 08:30:00,57
sensor7,FALSE,30,FixedInterval,Minute,FALSE,%,Relative humidity,Onset,Hobo U12,Space68,Kitchen,-1,16.700311,41.750777,Building05,2014-10-11 08:00:00,57
sensor7,FALSE,30,FixedInterval,Minute,FALSE,%,Relative humidity,Onset,Hobo U12,Space68,Kitchen,-1,16.700311,41.750777,Building05,2014-10-11 07:30:00,59
sensor7,FALSE,30,FixedInterval,Minute,FALSE,%,Relative humidity,Onset,Hobo U12,Space68,Kitchen,-1,16.700311,41.750777,Building05,2014-10-11 07:00:00,60
sensor7,FALSE,30,FixedInterval,Minute,FALSE,%,Relative humidity,Onset,Hobo U12,Space68,Kitchen,-1,16.700311,41.750777,Building05,2014-10-11 06:30:00,58
sensor7,FALSE,30,FixedInterval,Minute,FALSE,%,Relative humidity,Onset,Hobo U12,Space68,Kitchen,-1,16.700311,41.750777,Building05,2014-10-11 06:00:00,59
sensor7,FALSE,30,FixedInterval,Minute,FALSE,%,Relative humidity,Onset,Hobo U12,Space68,Kitchen,-1,16.700311,41.750777,Building05,2014-10-11 05:30:00,60
sensor7,FALSE,30,FixedInterval,Minute,FALSE,%,Relative humidity,Onset,Hobo U12,Space68,Kitchen,-1,16.700311,41.750777,Building05,2014-10-11 05:00:00,61
sensor7,FALSE,30,FixedInterval,Minute,FALSE,%,Relative humidity,Onset,Hobo U12,Space68,Kitchen,-1,16.700311,41.750777,Building05,2014-10-11 04:30:00,60
sensor7,FALSE,30,FixedInterval,Minute,FALSE,%,Relative humidity,Onset,Hobo U12,Space68,Kitchen,-1,16.700311,41.750777,Building05,2014-10-10 06:30:00,60
sensor7,FALSE,30,FixedInterval,Minute,FALSE,%,Relative humidity,Onset,Hobo U12,Space68,Kitchen,-1,16.700311,41.750777,Building05,2014-10-10 06:00:00,60
sensor7,FALSE,30,FixedInterval,Minute,FALSE,%,Relative humidity,Onset,Hobo U12,Space68,Kitchen,-1,16.700311,41.750777,Building05,2014-10-10 05:30:00,61
sensor7,FALSE,30,FixedInterval,Minute,FALSE,%,Relative humidity,Onset,Hobo U12,Space68,Kitchen,-1,16.700311,41.750777,Building05,2014-10-10 05:00:00,62
sensor7,FALSE,30,FixedInterval,Minute,FALSE,%,Relative humidity,Onset,Hobo U12,Space68,Kitchen,-1,16.700311,41.750777,Building05,2014-10-10 04:30:00,60
sensor7,FALSE,30,FixedInterval,Minute,FALSE,%,Relative humidity,Onset,Hobo U12,Space68,Kitchen,-1,16.700311,41.750777,Building05,2014-10-10 04:00:00,60
sensor7,FALSE,30,FixedInterval,Minute,FALSE,%,Relative humidity,Onset,Hobo U12,Space68,Kitchen,-1,16.700311,41.750777,Building05,2014-10-10 03:30:00,60
sensor7,FALSE,30,FixedInterval,Minute,FALSE,%,Relative humidity,Onset,Hobo U12,Space68,Kitchen,-1,16.700311,41.750777,Building05,2014-10-10 03:00:00,60
sensor7,FALSE,30,FixedInterval,Minute,FALSE,%,Relative humidity,Onset,Hobo U12,Space68,Kitchen,-1,16.700311,41.750777,Building05,2014-10-10 02:30:00,60
sensor7,FALSE,30,FixedInterval,Minute,FALSE,%,Relative humidity,Onset,Hobo U12,Space68,Kitchen,-1,16.700311,41.750777,Building05,2014-10-10 02:00:00,60
sensor7,FALSE,30,FixedInterval,Minute,FALSE,%,Relative humidity,Onset,Hobo U12,Space68,Kitchen,-1,16.700311,41.750777,Building05,2014-10-10 01:30:00,60
sensor7,FALSE,30,FixedInterval,Minute,FALSE,%,Relative humidity,Onset,Hobo U12,Space68,Kitchen,-1,16.700311,41.750777,Building05,2014-10-10 01:00:00,59
sensor7,FALSE,30,FixedInterval,Minute,FALSE,%,Relative humidity,Onset,Hobo U12,Space68,Kitchen,-1,16.700311,41.750777,Building05,2014-10-10 00:30:00,59
sensor7,FALSE,30,FixedInterval,Minute,FALSE,%,Relative humidity,Onset,Hobo U12,Space68,Kitchen,-1,16.700311,41.750777,Building05,2014-10-10 00:00:00,59
sensor7,FALSE,30,FixedInterval,Minute,FALSE,%,Relative humidity,Onset,Hobo U12,Space68,Kitchen,-1,16.700311,41.750777,Building05,2014-10-09 23:30:00,59
sensor7,FALSE,30,FixedInterval,Minute,FALSE,%,Relative humidity,Onset,Hobo U12,Space68,Kitchen,-1,16.700311,41.750777,Building05,2014-10-09 23:00:00,59
sensor7,FALSE,30,FixedInterval,Minute,FALSE,%,Relative humidity,Onset,Hobo U12,Space68,Kitchen,-1,16.700311,41.750777,Building05,2014-10-09 22:30:00,59
sensor7,FALSE,30,FixedInterval,Minute,FALSE,%,Relative humidity,Onset,Hobo U12,Space68,Kitchen,-1,16.700311,41.750777,Building05,2014-10-09 22:00:00,59
sensor7,FALSE,30,FixedInterval,Minute,FALSE,%,Relative humidity,Onset,Hobo U12,Space68,Kitchen,-1,16.700311,41.750777,Building05,2014-10-09 21:30:00,59
sensor7,FALSE,30,FixedInterval,Minute,FALSE,%,Relative humidity,Onset,Hobo U12,Space68,Kitchen,-1,16.700311,41.750777,Building05,2014-10-09 21:00:00,59
sensor7,FALSE,30,FixedInterval,Minute,FALSE,%,Relative humidity,Onset,Hobo U12,Space68,Kitchen,-1,16.700311,41.750777,Building05,2014-10-09 20:30:00,59
sensor7,FALSE,30,FixedInterval,Minute,FALSE,%,Relative humidity,Onset,Hobo U12,Space68,Kitchen,-1,16.700311,41.750777,Building05,2014-10-09 20:00:00,59
sensor7,FALSE,30,FixedInterval,Minute,FALSE,%,Relative humidity,Onset,Hobo U12,Space68,Kitchen,-1,16.700311,41.750777,Building05,2014-10-09 19:30:00,59
sensor7,FALSE,30,FixedInterval,Minute,FALSE,%,Relative humidity,Onset,Hobo U12,Space68,Kitchen,-1,16.700311,41.750777,Building05,2014-10-09 19:00:00,60
sensor7,FALSE,30,FixedInterval,Minute,FALSE,%,Relative humidity,Onset,Hobo U12,Space68,Kitchen,-1,16.700311,41.750777,Building05,2014-10-09 18:30:00,61
sensor7,FALSE,30,FixedInterval,Minute,FALSE,%,Relative humidity,Onset,Hobo U12,Space68,Kitchen,-1,16.700311,41.750777,Building05,2014-10-09 18:00:00,68
sensor7,FALSE,30,FixedInterval,Minute,FALSE,%,Relative humidity,Onset,Hobo U12,Space68,Kitchen,-1,16.700311,41.750777,Building05,2014-10-09 17:30:00,59
sensor7,FALSE,30,FixedInterval,Minute,FALSE,%,Relative humidity,Onset,Hobo U12,Space68,Kitchen,-1,16.700311,41.750777,Building05,2014-10-09 17:00:00,59
sensor7,FALSE,30,FixedInterval,Minute,FALSE,%,Relative humidity,Onset,Hobo U12,Space68,Kitchen,-1,16.700311,41.750777,Building05,2014-10-09 16:30:00,60
sensor7,FALSE,30,FixedInterval,Minute,FALSE,%,Relative humidity,Onset,Hobo U12,Space68,Kitchen,-1,16.700311,41.750777,Building05,2014-10-09 16:00:00,60
sensor7,FALSE,30,FixedInterval,Minute,FALSE,%,Relative humidity,Onset,Hobo U12,Space68,Kitchen,-1,16.700311,41.750777,Building05,2014-10-09 15:30:00,61
sensor7,FALSE,30,FixedInterval,Minute,FALSE,%,Relative humidity,Onset,Hobo U12,Space68,Kitchen,-1,16.700311,41.750777,Building05,2014-10-09 15:00:00,62
sensor7,FALSE,30,FixedInterval,Minute,FALSE,%,Relative humidity,Onset,Hobo U12,Space68,Kitchen,-1,16.700311,41.750777,Building05,2014-10-09 14:30:00,61
sensor7,FALSE,30,FixedInterval,Minute,FALSE,%,Relative humidity,Onset,Hobo U12,Space68,Kitchen,-1,16.700311,41.750777,Building05,2014-10-09 14:00:00,61
sensor7,FALSE,30,FixedInterval,Minute,FALSE,%,Relative humidity,Onset,Hobo U12,Space68,Kitchen,-1,16.700311,41.750777,Building05,2014-10-09 13:30:00,61
sensor7,FALSE,30,FixedInterval,Minute,FALSE,%,Relative humidity,Onset,Hobo U12,Space68,Kitchen,-1,16.700311,41.750777,Building05,2014-10-09 13:00:00,59
sensor7,FALSE,30,FixedInterval,Minute,FALSE,%,Relative humidity,Onset,Hobo U12,Space68,Kitchen,-1,16.700311,41.750777,Building05,2014-10-09 12:30:00,60
sensor7,FALSE,30,FixedInterval,Minute,FALSE,%,Relative humidity,Onset,Hobo U12,Space68,Kitchen,-1,16.700311,41.750777,Building05,2014-10-09 12:00:00,60
sensor7,FALSE,30,FixedInterval,Minute,FALSE,%,Relative humidity,Onset,Hobo U12,Space68,Kitchen,-1,16.700311,41.750777,Building05,2014-10-09 11:30:00,59
sensor7,FALSE,30,FixedInterval,Minute,FALSE,%,Relative humidity,Onset,Hobo U12,Space68,Kitchen,-1,16.700311,41.750777,Building05,2014-10-09 11:00:00,59
sensor7,FALSE,30,FixedInterval,Minute,FALSE,%,Relative humidity,Onset,Hobo U12,Space68,Kitchen,-1,16.700311,41.750777,Building05,2014-10-09 10:30:00,59
sensor7,FALSE,30,FixedInterval,Minute,FALSE,%,Relative humidity,Onset,Hobo U12,Space68,Kitchen,-1,16.700311,41.750777,Building05,2014-10-09 10:00:00,59
sensor7,FALSE,30,FixedInterval,Minute,FALSE,%,Relative humidity,Onset,Hobo U12,Space68,Kitchen,-1,16.700311,41.750777,Building05,2014-10-09 09:30:00,59
sensor7,FALSE,30,FixedInterval,Minute,FALSE,%,Relative humidity,Onset,Hobo U12,Space68,Kitchen,-1,16.700311,41.750777,Building05,2014-10-08 11:30:00,56
sensor7,FALSE,30,FixedInterval,Minute,FALSE,%,Relative humidity,Onset,Hobo U12,Space68,Kitchen,-1,16.700311,41.750777,Building05,2014-10-08 11:00:00,56
sensor7,FALSE,30,FixedInterval,Minute,FALSE,%,Relative humidity,Onset,Hobo U12,Space68,Kitchen,-1,16.700311,41.750777,Building05,2014-10-08 10:30:00,56
sensor7,FALSE,30,FixedInterval,Minute,FALSE,%,Relative humidity,Onset,Hobo U12,Space68,Kitchen,-1,16.700311,41.750777,Building05,2014-10-08 10:00:00,55
sensor7,FALSE,30,FixedInterval,Minute,FALSE,%,Relative humidity,Onset,Hobo U12,Space68,Kitchen,-1,16.700311,41.750777,Building05,2014-10-08 09:30:00,55
sensor7,FALSE,30,FixedInterval,Minute,FALSE,%,Relative humidity,Onset,Hobo U12,Space68,Kitchen,-1,16.700311,41.750777,Building05,2014-10-08 09:00:00,55
sensor7,FALSE,30,FixedInterval,Minute,FALSE,%,Relative humidity,Onset,Hobo U12,Space68,Kitchen,-1,16.700311,41.750777,Building05,2014-10-08 08:30:00,55
sensor7,FALSE,30,FixedInterval,Minute,FALSE,%,Relative humidity,Onset,Hobo U12,Space68,Kitchen,-1,16.700311,41.750777,Building05,2014-10-08 08:00:00,55
sensor7,FALSE,30,FixedInterval,Minute,FALSE,%,Relative humidity,Onset,Hobo U12,Space68,Kitchen,-1,16.700311,41.750777,Building05,2014-10-08 07:30:00,55
sensor7,FALSE,30,FixedInterval,Minute,FALSE,%,Relative humidity,Onset,Hobo U12,Space68,Kitchen,-1,16.700311,41.750777,Building05,2014-10-08 07:00:00,55
sensor7,FALSE,30,FixedInterval,Minute,FALSE,%,Relative humidity,Onset,Hobo U12,Space68,Kitchen,-1,16.700311,41.750777,Building05,2014-10-08 06:30:00,57
sensor7,FALSE,30,FixedInterval,Minute,FALSE,%,Relative humidity,Onset,Hobo U12,Space68,Kitchen,-1,16.700311,41.750777,Building05,2014-10-08 06:00:00,57
sensor7,FALSE,30,FixedInterval,Minute,FALSE,%,Relative humidity,Onset,Hobo U12,Space68,Kitchen,-1,16.700311,41.750777,Building05,2014-10-08 05:30:00,57
sensor7,FALSE,30,FixedInterval,Minute,FALSE,%,Relative humidity,Onset,Hobo U12,Space68,Kitchen,-1,16.700311,41.750777,Building05,2014-10-08 05:00:00,57
sensor7,FALSE,30,FixedInterval,Minute,FALSE,%,Relative humidity,Onset,Hobo U12,Space68,Kitchen,-1,16.700311,41.750777,Building05,2014-10-08 04:30:00,58
sensor7,FALSE,30,FixedInterval,Minute,FALSE,%,Relative humidity,Onset,Hobo U12,Space68,Kitchen,-1,16.700311,41.750777,Building05,2014-10-08 04:00:00,57
sensor7,FALSE,30,FixedInterval,Minute,FALSE,%,Relative humidity,Onset,Hobo U12,Space68,Kitchen,-1,16.700311,41.750777,Building05,2014-10-08 03:30:00,57
sensor7,FALSE,30,FixedInterval,Minute,FALSE,%,Relative humidity,Onset,Hobo U12,Space68,Kitchen,-1,16.700311,41.750777,Building05,2014-10-08 03:00:00,57
sensor7,FALSE,30,FixedInterval,Minute,FALSE,%,Relative humidity,Onset,Hobo U12,Space68,Kitchen,-1,16.700311,41.750777,Building05,2014-10-08 02:30:00,57
sensor7,FALSE,30,FixedInterval,Minute,FALSE,%,Relative humidity,Onset,Hobo U12,Space68,Kitchen,-1,16.700311,41.750777,Building05,2014-10-08 02:00:00,56
sensor7,FALSE,30,FixedInterval,Minute,FALSE,%,Relative humidity,Onset,Hobo U12,Space68,Kitchen,-1,16.700311,41.750777,Building05,2014-10-08 01:30:00,56
sensor7,FALSE,30,FixedInterval,Minute,FALSE,%,Relative humidity,Onset,Hobo U12,Space68,Kitchen,-1,16.700311,41.750777,Building05,2014-10-08 01:00:00,56
sensor7,FALSE,30,FixedInterval,Minute,FALSE,%,Relative humidity,Onset,Hobo U12,Space68,Kitchen,-1,16.700311,41.750777,Building05,2014-10-08 00:30:00,56
sensor7,FALSE,30,FixedInterval,Minute,FALSE,%,Relative humidity,Onset,Hobo U12,Space68,Kitchen,-1,16.700311,41.750777,Building05,2014-10-08 00:00:00,56
sensor7,FALSE,30,FixedInterval,Minute,FALSE,%,Relative humidity,Onset,Hobo U12,Space68,Kitchen,-1,16.700311,41.750777,Building05,2014-10-07 23:30:00,56
sensor7,FALSE,30,FixedInterval,Minute,FALSE,%,Relative humidity,Onset,Hobo U12,Space68,Kitchen,-1,16.700311,41.750777,Building05,2014-10-07 23:00:00,56
sensor7,FALSE,30,FixedInterval,Minute,FALSE,%,Relative humidity,Onset,Hobo U12,Space68,Kitchen,-1,16.700311,41.750777,Building05,2014-10-07 22:30:00,56
sensor7,FALSE,30,FixedInterval,Minute,FALSE,%,Relative humidity,Onset,Hobo U12,Space68,Kitchen,-1,16.700311,41.750777,Building05,2014-10-07 22:00:00,56
sensor7,FALSE,30,FixedInterval,Minute,FALSE,%,Relative humidity,Onset,Hobo U12,Space68,Kitchen,-1,16.700311,41.750777,Building05,2014-10-07 21:30:00,55
sensor7,FALSE,30,FixedInterval,Minute,FALSE,%,Relative humidity,Onset,Hobo U12,Space68,Kitchen,-1,16.700311,41.750777,Building05,2014-10-07 21:00:00,55
sensor7,FALSE,30,FixedInterval,Minute,FALSE,%,Relative humidity,Onset,Hobo U12,Space68,Kitchen,-1,16.700311,41.750777,Building05,2014-10-07 20:30:00,55
sensor7,FALSE,30,FixedInterval,Minute,FALSE,%,Relative humidity,Onset,Hobo U12,Space68,Kitchen,-1,16.700311,41.750777,Building05,2014-10-07 20:00:00,56
sensor7,FALSE,30,FixedInterval,Minute,FALSE,%,Relative humidity,Onset,Hobo U12,Space68,Kitchen,-1,16.700311,41.750777,Building05,2014-10-07 19:30:00,58
sensor7,FALSE,30,FixedInterval,Minute,FALSE,%,Relative humidity,Onset,Hobo U12,Space68,Kitchen,-1,16.700311,41.750777,Building05,2014-10-07 19:00:00,56
sensor7,FALSE,30,FixedInterval,Minute,FALSE,%,Relative humidity,Onset,Hobo U12,Space68,Kitchen,-1,16.700311,41.750777,Building05,2014-10-07 18:30:00,57
sensor7,FALSE,30,FixedInterval,Minute,FALSE,%,Relative humidity,Onset,Hobo U12,Space68,Kitchen,-1,16.700311,41.750777,Building05,2014-10-07 18:00:00,57
sensor7,FALSE,30,FixedInterval,Minute,FALSE,%,Relative humidity,Onset,Hobo U12,Space68,Kitchen,-1,16.700311,41.750777,Building05,2014-10-07 17:30:00,57
sensor7,FALSE,30,FixedInterval,Minute,FALSE,%,Relative humidity,Onset,Hobo U12,Space68,Kitchen,-1,16.700311,41.750777,Building05,2014-10-07 17:00:00,56
sensor7,FALSE,30,FixedInterval,Minute,FALSE,%,Relative humidity,Onset,Hobo U12,Space68,Kitchen,-1,16.700311,41.750777,Building05,2014-10-07 16:30:00,57
sensor7,FALSE,30,FixedInterval,Minute,FALSE,%,Relative humidity,Onset,Hobo U12,Space68,Kitchen,-1,16.700311,41.750777,Building05,2014-10-07 16:00:00,58
sensor7,FALSE,30,FixedInterval,Minute,FALSE,%,Relative humidity,Onset,Hobo U12,Space68,Kitchen,-1,16.700311,41.750777,Building05,2014-10-07 15:30:00,58
sensor7,FALSE,30,FixedInterval,Minute,FALSE,%,Relative humidity,Onset,Hobo U12,Space68,Kitchen,-1,16.700311,41.750777,Building05,2014-10-07 15:00:00,58
sensor7,FALSE,30,FixedInterval,Minute,FALSE,%,Relative humidity,Onset,Hobo U12,Space68,Kitchen,-1,16.700311,41.750777,Building05,2014-10-07 14:30:00,58
sensor7,FALSE,30,FixedInterval,Minute,FALSE,%,Relative humidity,Onset,Hobo U12,Space68,Kitchen,-1,16.700311,41.750777,Building05,2014-10-06 16:30:00,60
sensor7,FALSE,30,FixedInterval,Minute,FALSE,%,Relative humidity,Onset,Hobo U12,Space68,Kitchen,-1,16.700311,41.750777,Building05,2014-10-06 16:00:00,61
sensor7,FALSE,30,FixedInterval,Minute,FALSE,%,Relative humidity,Onset,Hobo U12,Space68,Kitchen,-1,16.700311,41.750777,Building05,2014-10-06 15:30:00,59
sensor7,FALSE,30,FixedInterval,Minute,FALSE,%,Relative humidity,Onset,Hobo U12,Space68,Kitchen,-1,16.700311,41.750777,Building05,2014-10-06 15:00:00,60
sensor7,FALSE,30,FixedInterval,Minute,FALSE,%,Relative humidity,Onset,Hobo U12,Space68,Kitchen,-1,16.700311,41.750777,Building05,2014-10-06 14:30:00,62
sensor7,FALSE,30,FixedInterval,Minute,FALSE,%,Relative humidity,Onset,Hobo U12,Space68,Kitchen,-1,16.700311,41.750777,Building05,2014-10-06 14:00:00,59
sensor7,FALSE,30,FixedInterval,Minute,FALSE,%,Relative humidity,Onset,Hobo U12,Space68,Kitchen,-1,16.700311,41.750777,Building05,2014-10-06 13:30:00,59
sensor7,FALSE,30,FixedInterval,Minute,FALSE,%,Relative humidity,Onset,Hobo U12,Space68,Kitchen,-1,16.700311,41.750777,Building05,2014-10-06 13:00:00,59
sensor7,FALSE,30,FixedInterval,Minute,FALSE,%,Relative humidity,Onset,Hobo U12,Space68,Kitchen,-1,16.700311,41.750777,Building05,2014-10-06 12:30:00,59
sensor7,FALSE,30,FixedInterval,Minute,FALSE,%,Relative humidity,Onset,Hobo U12,Space68,Kitchen,-1,16.700311,41.750777,Building05,2014-10-06 12:00:00,59
sensor7,FALSE,30,FixedInterval,Minute,FALSE,%,Relative humidity,Onset,Hobo U12,Space68,Kitchen,-1,16.700311,41.750777,Building05,2014-10-06 11:30:00,58
sensor7,FALSE,30,FixedInterval,Minute,FALSE,%,Relative humidity,Onset,Hobo U12,Space68,Kitchen,-1,16.700311,41.750777,Building05,2014-10-06 11:00:00,58
sensor7,FALSE,30,FixedInterval,Minute,FALSE,%,Relative humidity,Onset,Hobo U12,Space68,Kitchen,-1,16.700311,41.750777,Building05,2014-10-06 10:30:00,58
sensor7,FALSE,30,FixedInterval,Minute,FALSE,%,Relative humidity,Onset,Hobo U12,Space68,Kitchen,-1,16.700311,41.750777,Building05,2014-10-06 10:00:00,58
sensor7,FALSE,30,FixedInterval,Minute,FALSE,%,Relative humidity,Onset,Hobo U12,Space68,Kitchen,-1,16.700311,41.750777,Building05,2014-10-06 09:30:00,57
sensor7,FALSE,30,FixedInterval,Minute,FALSE,%,Relative humidity,Onset,Hobo U12,Space68,Kitchen,-1,16.700311,41.750777,Building05,2014-10-06 09:00:00,57
sensor7,FALSE,30,FixedInterval,Minute,FALSE,%,Relative humidity,Onset,Hobo U12,Space68,Kitchen,-1,16.700311,41.750777,Building05,2014-10-06 08:30:00,57
sensor7,FALSE,30,FixedInterval,Minute,FALSE,%,Relative humidity,Onset,Hobo U12,Space68,Kitchen,-1,16.700311,41.750777,Building05,2014-10-06 08:00:00,58
sensor7,FALSE,30,FixedInterval,Minute,FALSE,%,Relative humidity,Onset,Hobo U12,Space68,Kitchen,-1,16.700311,41.750777,Building05,2014-10-06 07:30:00,58
sensor7,FALSE,30,FixedInterval,Minute,FALSE,%,Relative humidity,Onset,Hobo U12,Space68,Kitchen,-1,16.700311,41.750777,Building05,2014-10-06 07:00:00,58
sensor7,FALSE,30,FixedInterval,Minute,FALSE,%,Relative humidity,Onset,Hobo U12,Space68,Kitchen,-1,16.700311,41.750777,Building05,2014-10-06 06:30:00,58
sensor7,FALSE,30,FixedInterval,Minute,FALSE,%,Relative humidity,Onset,Hobo U12,Space68,Kitchen,-1,16.700311,41.750777,Building05,2014-10-06 06:00:00,59
sensor7,FALSE,30,FixedInterval,Minute,FALSE,%,Relative humidity,Onset,Hobo U12,Space68,Kitchen,-1,16.700311,41.750777,Building05,2014-10-06 05:30:00,60
sensor7,FALSE,30,FixedInterval,Minute,FALSE,%,Relative humidity,Onset,Hobo U12,Space68,Kitchen,-1,16.700311,41.750777,Building05,2014-10-06 05:00:00,57
sensor7,FALSE,30,FixedInterval,Minute,FALSE,%,Relative humidity,Onset,Hobo U12,Space68,Kitchen,-1,16.700311,41.750777,Building05,2014-10-06 04:30:00,57
sensor7,FALSE,30,FixedInterval,Minute,FALSE,%,Relative humidity,Onset,Hobo U12,Space68,Kitchen,-1,16.700311,41.750777,Building05,2014-10-06 04:00:00,57
sensor7,FALSE,30,FixedInterval,Minute,FALSE,%,Relative humidity,Onset,Hobo U12,Space68,Kitchen,-1,16.700311,41.750777,Building05,2014-10-06 03:30:00,57
sensor7,FALSE,30,FixedInterval,Minute,FALSE,%,Relative humidity,Onset,Hobo U12,Space68,Kitchen,-1,16.700311,41.750777,Building05,2014-10-06 03:00:00,57
sensor7,FALSE,30,FixedInterval,Minute,FALSE,%,Relative humidity,Onset,Hobo U12,Space68,Kitchen,-1,16.700311,41.750777,Building05,2014-10-06 02:30:00,57
sensor7,FALSE,30,FixedInterval,Minute,FALSE,%,Relative humidity,Onset,Hobo U12,Space68,Kitchen,-1,16.700311,41.750777,Building05,2014-10-06 02:00:00,57
sensor7,FALSE,30,FixedInterval,Minute,FALSE,%,Relative humidity,Onset,Hobo U12,Space68,Kitchen,-1,16.700311,41.750777,Building05,2014-10-06 01:30:00,57
sensor7,FALSE,30,FixedInterval,Minute,FALSE,%,Relative humidity,Onset,Hobo U12,Space68,Kitchen,-1,16.700311,41.750777,Building05,2014-10-06 01:00:00,57
sensor7,FALSE,30,FixedInterval,Minute,FALSE,%,Relative humidity,Onset,Hobo U12,Space68,Kitchen,-1,16.700311,41.750777,Building05,2014-10-06 00:30:00,57
sensor7,FALSE,30,FixedInterval,Minute,FALSE,%,Relative humidity,Onset,Hobo U12,Space68,Kitchen,-1,16.700311,41.750777,Building05,2014-10-06 00:00:00,57
sensor7,FALSE,30,FixedInterval,Minute,FALSE,%,Relative humidity,Onset,Hobo U12,Space68,Kitchen,-1,16.700311,41.750777,Building05,2014-10-05 23:30:00,57
sensor7,FALSE,30,FixedInterval,Minute,FALSE,%,Relative humidity,Onset,Hobo U12,Space68,Kitchen,-1,16.700311,41.750777,Building05,2014-10-05 23:00:00,57
sensor7,FALSE,30,FixedInterval,Minute,FALSE,%,Relative humidity,Onset,Hobo U12,Space68,Kitchen,-1,16.700311,41.750777,Building05,2014-10-05 22:30:00,57
sensor7,FALSE,30,FixedInterval,Minute,FALSE,%,Relative humidity,Onset,Hobo U12,Space68,Kitchen,-1,16.700311,41.750777,Building05,2014-10-05 22:00:00,57
sensor7,FALSE,30,FixedInterval,Minute,FALSE,%,Relative humidity,Onset,Hobo U12,Space68,Kitchen,-1,16.700311,41.750777,Building05,2014-10-05 21:30:00,57
sensor7,FALSE,30,FixedInterval,Minute,FALSE,%,Relative humidity,Onset,Hobo U12,Space68,Kitchen,-1,16.700311,41.750777,Building05,2014-10-05 21:00:00,57
sensor7,FALSE,30,FixedInterval,Minute,FALSE,%,Relative humidity,Onset,Hobo U12,Space68,Kitchen,-1,16.700311,41.750777,Building05,2014-10-05 20:30:00,56
sensor7,FALSE,30,FixedInterval,Minute,FALSE,%,Relative humidity,Onset,Hobo U12,Space68,Kitchen,-1,16.700311,41.750777,Building05,2014-10-05 20:00:00,56
sensor7,FALSE,30,FixedInterval,Minute,FALSE,%,Relative humidity,Onset,Hobo U12,Space68,Kitchen,-1,16.700311,41.750777,Building05,2014-10-05 19:30:00,57
sensor7,FALSE,30,FixedInterval,Minute,FALSE,%,Relative humidity,Onset,Hobo U12,Space68,Kitchen,-1,16.700311,41.750777,Building05,2014-10-04 21:30:00,60
sensor7,FALSE,30,FixedInterval,Minute,FALSE,%,Relative humidity,Onset,Hobo U12,Space68,Kitchen,-1,16.700311,41.750777,Building05,2014-10-04 21:00:00,60
sensor7,FALSE,30,FixedInterval,Minute,FALSE,%,Relative humidity,Onset,Hobo U12,Space68,Kitchen,-1,16.700311,41.750777,Building05,2014-10-04 20:30:00,60
sensor7,FALSE,30,FixedInterval,Minute,FALSE,%,Relative humidity,Onset,Hobo U12,Space68,Kitchen,-1,16.700311,41.750777,Building05,2014-10-04 20:00:00,60
sensor7,FALSE,30,FixedInterval,Minute,FALSE,%,Relative humidity,Onset,Hobo U12,Space68,Kitchen,-1,16.700311,41.750777,Building05,2014-10-04 19:30:00,60
sensor7,FALSE,30,FixedInterval,Minute,FALSE,%,Relative humidity,Onset,Hobo U12,Space68,Kitchen,-1,16.700311,41.750777,Building05,2014-10-04 19:00:00,61
sensor7,FALSE,30,FixedInterval,Minute,FALSE,%,Relative humidity,Onset,Hobo U12,Space68,Kitchen,-1,16.700311,41.750777,Building05,2014-10-04 18:30:00,62
sensor7,FALSE,30,FixedInterval,Minute,FALSE,%,Relative humidity,Onset,Hobo U12,Space68,Kitchen,-1,16.700311,41.750777,Building05,2014-10-04 18:00:00,63
sensor7,FALSE,30,FixedInterval,Minute,FALSE,%,Relative humidity,Onset,Hobo U12,Space68,Kitchen,-1,16.700311,41.750777,Building05,2014-10-04 17:30:00,68
sensor7,FALSE,30,FixedInterval,Minute,FALSE,%,Relative humidity,Onset,Hobo U12,Space68,Kitchen,-1,16.700311,41.750777,Building05,2014-10-04 17:00:00,70
sensor7,FALSE,30,FixedInterval,Minute,FALSE,%,Relative humidity,Onset,Hobo U12,Space68,Kitchen,-1,16.700311,41.750777,Building05,2014-10-04 16:30:00,63
sensor7,FALSE,30,FixedInterval,Minute,FALSE,%,Relative humidity,Onset,Hobo U12,Space68,Kitchen,-1,16.700311,41.750777,Building05,2014-10-04 16:00:00,63
sensor7,FALSE,30,FixedInterval,Minute,FALSE,%,Relative humidity,Onset,Hobo U12,Space68,Kitchen,-1,16.700311,41.750777,Building05,2014-10-04 15:30:00,63
sensor7,FALSE,30,FixedInterval,Minute,FALSE,%,Relative humidity,Onset,Hobo U12,Space68,Kitchen,-1,16.700311,41.750777,Building05,2014-10-04 15:00:00,64
sensor7,FALSE,30,FixedInterval,Minute,FALSE,%,Relative humidity,Onset,Hobo U12,Space68,Kitchen,-1,16.700311,41.750777,Building05,2014-10-04 14:30:00,63
sensor7,FALSE,30,FixedInterval,Minute,FALSE,%,Relative humidity,Onset,Hobo U12,Space68,Kitchen,-1,16.700311,41.750777,Building05,2014-10-04 14:00:00,64
sensor7,FALSE,30,FixedInterval,Minute,FALSE,%,Relative humidity,Onset,Hobo U12,Space68,Kitchen,-1,16.700311,41.750777,Building05,2014-10-04 13:30:00,64
sensor7,FALSE,30,FixedInterval,Minute,FALSE,%,Relative humidity,Onset,Hobo U12,Space68,Kitchen,-1,16.700311,41.750777,Building05,2014-10-04 13:00:00,65
sensor7,FALSE,30,FixedInterval,Minute,FALSE,%,Relative humidity,Onset,Hobo U12,Space68,Kitchen,-1,16.700311,41.750777,Building05,2014-10-04 12:30:00,64
sensor7,FALSE,30,FixedInterval,Minute,FALSE,%,Relative humidity,Onset,Hobo U12,Space68,Kitchen,-1,16.700311,41.750777,Building05,2014-10-04 12:00:00,65
sensor7,FALSE,30,FixedInterval,Minute,FALSE,%,Relative humidity,Onset,Hobo U12,Space68,Kitchen,-1,16.700311,41.750777,Building05,2014-10-04 11:30:00,65
sensor7,FALSE,30,FixedInterval,Minute,FALSE,%,Relative humidity,Onset,Hobo U12,Space68,Kitchen,-1,16.700311,41.750777,Building05,2014-10-04 11:00:00,66
sensor7,FALSE,30,FixedInterval,Minute,FALSE,%,Relative humidity,Onset,Hobo U12,Space68,Kitchen,-1,16.700311,41.750777,Building05,2014-10-04 10:30:00,66
sensor7,FALSE,30,FixedInterval,Minute,FALSE,%,Relative humidity,Onset,Hobo U12,Space68,Kitchen,-1,16.700311,41.750777,Building05,2014-10-04 10:00:00,67
sensor7,FALSE,30,FixedInterval,Minute,FALSE,%,Relative humidity,Onset,Hobo U12,Space68,Kitchen,-1,16.700311,41.750777,Building05,2014-10-04 09:30:00,67
sensor7,FALSE,30,FixedInterval,Minute,FALSE,%,Relative humidity,Onset,Hobo U12,Space68,Kitchen,-1,16.700311,41.750777,Building05,2014-10-04 09:00:00,66
sensor6,FALSE,30,FixedInterval,Minute,FALSE,%,Relative humidity,Onset,Hobo U12,Space68,Kitchen,-1,16.700311,41.750777,Building05,2014-10-04 08:30:00,68
sensor6,FALSE,30,FixedInterval,Minute,FALSE,%,Relative humidity,Onset,Hobo U12,Space68,Kitchen,-1,16.700311,41.750777,Building05,2014-10-04 08:00:00,67
sensor6,FALSE,30,FixedInterval,Minute,FALSE,%,Relative humidity,Onset,Hobo U12,Space68,Kitchen,-1,16.700311,41.750777,Building05,2014-10-04 07:30:00,67
sensor6,FALSE,30,FixedInterval,Minute,FALSE,%,Relative humidity,Onset,Hobo U12,Space68,Kitchen,-1,16.700311,41.750777,Building05,2014-10-04 07:00:00,68
sensor6,FALSE,30,FixedInterval,Minute,FALSE,%,Relative humidity,Onset,Hobo U12,Space68,Kitchen,-1,16.700311,41.750777,Building05,2014-10-04 06:30:00,67
sensor6,FALSE,30,FixedInterval,Minute,FALSE,%,Relative humidity,Onset,Hobo U12,Space68,Kitchen,-1,16.700311,41.750777,Building05,2014-10-04 06:00:00,67
sensor6,FALSE,30,FixedInterval,Minute,FALSE,%,Relative humidity,Onset,Hobo U12,Space68,Kitchen,-1,16.700311,41.750777,Building05,2014-10-04 05:30:00,69
sensor7,FALSE,30,FixedInterval,Minute,FALSE,%,Relative humidity,Onset,Hobo U12,Space68,Kitchen,-1,16.700311,41.750777,Building05,2014-10-04 05:00:00,66
sensor7,FALSE,30,FixedInterval,Minute,FALSE,%,Relative humidity,Onset,Hobo U12,Space68,Kitchen,-1,16.700311,41.750777,Building05,2014-10-04 04:30:00,66
sensor7,FALSE,30,FixedInterval,Minute,FALSE,%,Relative humidity,Onset,Hobo U12,Space68,Kitchen,-1,16.700311,41.750777,Building05,2014-10-04 04:00:00,66
sensor4,FALSE,30,FixedInterval,Minute,FALSE,%,Relative humidity,Onset,Hobo U12,Space68,Kitchen,-1,16.700311,41.750777,Building05,2014-10-04 03:30:00,66
sensor4,FALSE,30,FixedInterval,Minute,FALSE,%,Relative humidity,Onset,Hobo U12,Space68,Kitchen,-1,16.700311,41.750777,Building05,2014-10-04 03:00:00,67
sensor4,FALSE,30,FixedInterval,Minute,FALSE,%,Relative humidity,Onset,Hobo U12,Space68,Kitchen,-1,16.700311,41.750777,Building05,2014-10-04 02:30:00,67
sensor4,FALSE,30,FixedInterval,Minute,FALSE,%,Relative humidity,Onset,Hobo U12,Space68,Kitchen,-1,16.700311,41.750777,Building05,2014-10-04 02:00:00,67
sensor4,FALSE,30,FixedInterval,Minute,FALSE,%,Relative humidity,Onset,Hobo U12,Space68,Kitchen,-1,16.700311,41.750777,Building05,2014-10-04 01:30:00,66
sensor2,FALSE,30,FixedInterval,Minute,FALSE,%,Relative humidity,Onset,Hobo U12,Space68,Kitchen,-1,16.700311,41.750777,Building05,2014-10-04 01:00:00,66
sensor2,FALSE,30,FixedInterval,Minute,FALSE,%,Relative humidity,Onset,Hobo U12,Space68,Kitchen,-1,16.700311,41.750777,Building05,2014-10-04 00:30:00,66
sensor2,FALSE,30,FixedInterval,Minute,FALSE,%,Relative humidity,Onset,Hobo U12,Space68,Kitchen,-1,16.700311,41.750777,Building05,2014-10-03 02:30:00,65
sensor2,FALSE,30,FixedInterval,Minute,FALSE,%,Relative humidity,Onset,Hobo U12,Space68,Kitchen,-1,16.700311,41.750777,Building05,2014-10-03 02:00:00,65
sensor7,FALSE,30,FixedInterval,Minute,FALSE,%,Relative humidity,Onset,Hobo U12,Space68,Kitchen,-1,16.700311,41.750777,Building05,2014-10-03 01:30:00,65
sensor7,FALSE,30,FixedInterval,Minute,FALSE,%,Relative humidity,Onset,Hobo U12,Space68,Kitchen,-1,16.700311,41.750777,Building05,2014-10-03 01:00:00,65
sensor7,FALSE,30,FixedInterval,Minute,FALSE,%,Relative humidity,Onset,Hobo U12,Space68,Kitchen,-1,16.700311,41.750777,Building05,2014-10-03 00:30:00,65
sensor7,FALSE,30,FixedInterval,Minute,FALSE,%,Relative humidity,Onset,Hobo U12,Space68,Kitchen,-1,16.700311,41.750777,Building05,2014-10-03 00:00:00,65
sensor7,FALSE,30,FixedInterval,Minute,FALSE,%,Relative humidity,Onset,Hobo U12,Space68,Kitchen,-1,16.700311,41.750777,Building05,2014-10-02 23:30:00,65
sensor7,FALSE,30,FixedInterval,Minute,FALSE,%,Relative humidity,Onset,Hobo U12,Space68,Kitchen,-1,16.700311,41.750777,Building05,2014-10-02 23:00:00,65
sensor7,FALSE,30,FixedInterval,Minute,FALSE,%,Relative humidity,Onset,Hobo U12,Space68,Kitchen,-1,16.700311,41.750777,Building05,2014-10-02 22:30:00,65
sensor7,FALSE,30,FixedInterval,Minute,FALSE,%,Relative humidity,Onset,Hobo U12,Space68,Kitchen,-1,16.700311,41.750777,Building05,2014-10-02 22:00:00,65
sensor7,FALSE,30,FixedInterval,Minute,FALSE,%,Relative humidity,Onset,Hobo U12,Space68,Kitchen,-1,16.700311,41.750777,Building05,2014-10-02 21:30:00,65
sensor7,FALSE,30,FixedInterval,Minute,FALSE,%,Relative humidity,Onset,Hobo U12,Space68,Kitchen,-1,16.700311,41.750777,Building05,2014-10-02 21:00:00,65
sensor7,FALSE,30,FixedInterval,Minute,FALSE,%,Relative humidity,Onset,Hobo U12,Space68,Kitchen,-1,16.700311,41.750777,Building05,2014-10-02 20:30:00,66
sensor7,FALSE,30,FixedInterval,Minute,FALSE,%,Relative humidity,Onset,Hobo U12,Space68,Kitchen,-1,16.700311,41.750777,Building05,2014-10-02 20:00:00,66
sensor7,FALSE,30,FixedInterval,Minute,FALSE,%,Relative humidity,Onset,Hobo U12,Space68,Kitchen,-1,16.700311,41.750777,Building05,2014-10-02 19:30:00,67
sensor7,FALSE,30,FixedInterval,Minute,FALSE,%,Relative humidity,Onset,Hobo U12,Space68,Kitchen,-1,16.700311,41.750777,Building05,2014-10-02 19:00:00,66
sensor7,FALSE,30,FixedInterval,Minute,FALSE,%,Relative humidity,Onset,Hobo U12,Space68,Kitchen,-1,16.700311,41.750777,Building05,2014-10-02 18:30:00,66
sensor7,FALSE,30,FixedInterval,Minute,FALSE,%,Relative humidity,Onset,Hobo U12,Space68,Kitchen,-1,16.700311,41.750777,Building05,2014-10-02 18:00:00,65
sensor7,FALSE,30,FixedInterval,Minute,FALSE,%,Relative humidity,Onset,Hobo U12,Space68,Kitchen,-1,16.700311,41.750777,Building05,2014-10-02 17:30:00,66
sensor7,FALSE,30,FixedInterval,Minute,FALSE,%,Relative humidity,Onset,Hobo U12,Space68,Kitchen,-1,16.700311,41.750777,Building05,2014-10-02 17:00:00,67
sensor7,FALSE,30,FixedInterval,Minute,FALSE,%,Relative humidity,Onset,Hobo U12,Space68,Kitchen,-1,16.700311,41.750777,Building05,2014-10-02 16:30:00,64
sensor7,FALSE,30,FixedInterval,Minute,FALSE,%,Relative humidity,Onset,Hobo U12,Space68,Kitchen,-1,16.700311,41.750777,Building05,2014-10-02 16:00:00,65
sensor7,FALSE,30,FixedInterval,Minute,FALSE,%,Relative humidity,Onset,Hobo U12,Space68,Kitchen,-1,16.700311,41.750777,Building05,2014-10-02 15:30:00,64
sensor7,FALSE,30,FixedInterval,Minute,FALSE,%,Relative humidity,Onset,Hobo U12,Space68,Kitchen,-1,16.700311,41.750777,Building05,2014-10-02 15:00:00,64
sensor7,FALSE,30,FixedInterval,Minute,FALSE,%,Relative humidity,Onset,Hobo U12,Space68,Kitchen,-1,16.700311,41.750777,Building05,2014-10-02 14:30:00,64
sensor7,FALSE,30,FixedInterval,Minute,FALSE,%,Relative humidity,Onset,Hobo U12,Space68,Kitchen,-1,16.700311,41.750777,Building05,2014-10-02 14:00:00,64
sensor7,FALSE,30,FixedInterval,Minute,FALSE,%,Relative humidity,Onset,Hobo U12,Space68,Kitchen,-1,16.700311,41.750777,Building05,2014-10-02 13:30:00,64
sensor7,FALSE,30,FixedInterval,Minute,FALSE,%,Relative humidity,Onset,Hobo U12,Space68,Kitchen,-1,16.700311,41.750777,Building05,2014-10-02 13:00:00,64
sensor7,FALSE,30,FixedInterval,Minute,FALSE,%,Relative humidity,Onset,Hobo U12,Space68,Kitchen,-1,16.700311,41.750777,Building05,2014-10-02 12:30:00,64
sensor7,FALSE,30,FixedInterval,Minute,FALSE,%,Relative humidity,Onset,Hobo U12,Space68,Kitchen,-1,16.700311,41.750777,Building05,2014-10-02 12:00:00,64
sensor7,FALSE,30,FixedInterval,Minute,FALSE,%,Relative humidity,Onset,Hobo U12,Space68,Kitchen,-1,16.700311,41.750777,Building05,2014-10-02 11:30:00,62
sensor7,FALSE,30,FixedInterval,Minute,FALSE,%,Relative humidity,Onset,Hobo U12,Space68,Kitchen,-1,16.700311,41.750777,Building05,2014-10-02 11:00:00,63
sensor7,FALSE,30,FixedInterval,Minute,FALSE,%,Relative humidity,Onset,Hobo U12,Space68,Kitchen,-1,16.700311,41.750777,Building05,2014-10-02 10:30:00,63
sensor7,FALSE,30,FixedInterval,Minute,FALSE,%,Relative humidity,Onset,Hobo U12,Space68,Kitchen,-1,16.700311,41.750777,Building05,2014-10-02 10:00:00,63
sensor7,FALSE,30,FixedInterval,Minute,FALSE,%,Relative humidity,Onset,Hobo U12,Space68,Kitchen,-1,16.700311,41.750777,Building05,2014-10-02 09:30:00,64
sensor7,FALSE,30,FixedInterval,Minute,FALSE,%,Relative humidity,Onset,Hobo U12,Space68,Kitchen,-1,16.700311,41.750777,Building05,2014-10-02 09:00:00,63
sensor7,FALSE,30,FixedInterval,Minute,FALSE,%,Relative humidity,Onset,Hobo U12,Space68,Kitchen,-1,16.700311,41.750777,Building05,2014-10-02 08:30:00,63
sensor7,FALSE,30,FixedInterval,Minute,FALSE,%,Relative humidity,Onset,Hobo U12,Space68,Kitchen,-1,16.700311,41.750777,Building05,2014-10-02 08:00:00,63
sensor7,FALSE,30,FixedInterval,Minute,FALSE,%,Relative humidity,Onset,Hobo U12,Space68,Kitchen,-1,16.700311,41.750777,Building05,2014-10-02 07:30:00,63
sensor7,FALSE,30,FixedInterval,Minute,FALSE,%,Relative humidity,Onset,Hobo U12,Space68,Kitchen,-1,16.700311,41.750777,Building05,2014-10-02 07:00:00,64
sensor7,FALSE,30,FixedInterval,Minute,FALSE,%,Relative humidity,Onset,Hobo U12,Space68,Kitchen,-1,16.700311,41.750777,Building05,2014-10-02 06:30:00,64
sensor7,FALSE,30,FixedInterval,Minute,FALSE,%,Relative humidity,Onset,Hobo U12,Space68,Kitchen,-1,16.700311,41.750777,Building05,2014-10-02 06:00:00,65
sensor7,FALSE,30,FixedInterval,Minute,FALSE,%,Relative humidity,Onset,Hobo U12,Space68,Kitchen,-1,16.700311,41.750777,Building05,2014-10-02 05:30:00,66
sensor7,FALSE,30,FixedInterval,Minute,FALSE,%,Relative humidity,Onset,Hobo U12,Space68,Kitchen,-1,16.700311,41.750777,Building05,2014-10-13 20:30:00,57
sensor7,FALSE,30,FixedInterval,Minute,FALSE,%,Relative humidity,Onset,Hobo U12,Space68,Kitchen,-1,16.700311,41.750777,Building05,2014-10-13 20:00:00,58
sensor7,FALSE,30,FixedInterval,Minute,FALSE,%,Relative humidity,Onset,Hobo U12,Space68,Kitchen,-1,16.700311,41.750777,Building05,2014-10-13 19:30:00,58
sensor7,FALSE,30,FixedInterval,Minute,FALSE,%,Relative humidity,Onset,Hobo U12,Space68,Kitchen,-1,16.700311,41.750777,Building05,2014-10-13 19:00:00,56
sensor7,FALSE,30,FixedInterval,Minute,FALSE,%,Relative humidity,Onset,Hobo U12,Space68,Kitchen,-1,16.700311,41.750777,Building05,2014-10-13 18:30:00,57
sensor7,FALSE,30,FixedInterval,Minute,FALSE,%,Relative humidity,Onset,Hobo U12,Space68,Kitchen,-1,16.700311,41.750777,Building05,2014-10-13 18:00:00,57
sensor7,FALSE,30,FixedInterval,Minute,FALSE,%,Relative humidity,Onset,Hobo U12,Space68,Kitchen,-1,16.700311,41.750777,Building05,2014-10-13 17:30:00,56
sensor7,FALSE,30,FixedInterval,Minute,FALSE,%,Relative humidity,Onset,Hobo U12,Space68,Kitchen,-1,16.700311,41.750777,Building05,2014-10-13 17:00:00,57
sensor7,FALSE,30,FixedInterval,Minute,FALSE,%,Relative humidity,Onset,Hobo U12,Space68,Kitchen,-1,16.700311,41.750777,Building05,2014-10-13 16:30:00,57
sensor7,FALSE,30,FixedInterval,Minute,FALSE,%,Relative humidity,Onset,Hobo U12,Space68,Kitchen,-1,16.700311,41.750777,Building05,2014-10-13 16:00:00,58
sensor7,FALSE,30,FixedInterval,Minute,FALSE,%,Relative humidity,Onset,Hobo U12,Space68,Kitchen,-1,16.700311,41.750777,Building05,2014-10-13 15:30:00,58
sensor7,FALSE,30,FixedInterval,Minute,FALSE,%,Relative humidity,Onset,Hobo U12,Space68,Kitchen,-1,16.700311,41.750777,Building05,2014-10-13 15:00:00,64
sensor7,FALSE,30,FixedInterval,Minute,FALSE,%,Relative humidity,Onset,Hobo U12,Space68,Kitchen,-1,16.700311,41.750777,Building05,2014-10-13 14:30:00,56
sensor7,FALSE,30,FixedInterval,Minute,FALSE,%,Relative humidity,Onset,Hobo U12,Space68,Kitchen,-1,16.700311,41.750777,Building05,2014-10-13 14:00:00,56
sensor7,FALSE,30,FixedInterval,Minute,FALSE,%,Relative humidity,Onset,Hobo U12,Space68,Kitchen,-1,16.700311,41.750777,Building05,2014-10-13 13:30:00,56
sensor7,FALSE,30,FixedInterval,Minute,FALSE,%,Relative humidity,Onset,Hobo U12,Space68,Kitchen,-1,16.700311,41.750777,Building05,2014-10-13 13:00:00,56
sensor7,FALSE,30,FixedInterval,Minute,FALSE,%,Relative humidity,Onset,Hobo U12,Space68,Kitchen,-1,16.700311,41.750777,Building05,2014-10-13 12:30:00,56
sensor7,FALSE,30,FixedInterval,Minute,FALSE,%,Relative humidity,Onset,Hobo U12,Space68,Kitchen,-1,16.700311,41.750777,Building05,2014-10-13 12:00:00,56
sensor7,FALSE,30,FixedInterval,Minute,FALSE,%,Relative humidity,Onset,Hobo U12,Space68,Kitchen,-1,16.700311,41.750777,Building05,2014-10-13 11:30:00,56
sensor7,FALSE,30,FixedInterval,Minute,FALSE,%,Relative humidity,Onset,Hobo U12,Space68,Kitchen,-1,16.700311,41.750777,Building05,2014-10-13 11:00:00,56
sensor7,FALSE,30,FixedInterval,Minute,FALSE,%,Relative humidity,Onset,Hobo U12,Space68,Kitchen,-1,16.700311,41.750777,Building05,2014-10-13 10:30:00,57
sensor7,FALSE,30,FixedInterval,Minute,FALSE,%,Relative humidity,Onset,Hobo U12,Space68,Kitchen,-1,16.700311,41.750777,Building05,2014-10-13 10:00:00,58
sensor7,FALSE,30,FixedInterval,Minute,FALSE,%,Relative humidity,Onset,Hobo U12,Space68,Kitchen,-1,16.700311,41.750777,Building05,2014-10-13 09:30:00,57
sensor7,FALSE,30,FixedInterval,Minute,FALSE,%,Relative humidity,Onset,Hobo U12,Space68,Kitchen,-1,16.700311,41.750777,Building05,2014-10-13 09:00:00,57
sensor7,FALSE,30,FixedInterval,Minute,FALSE,%,Relative humidity,Onset,Hobo U12,Space68,Kitchen,-1,16.700311,41.750777,Building05,2014-10-13 08:30:00,57
sensor7,FALSE,30,FixedInterval,Minute,FALSE,%,Relative humidity,Onset,Hobo U12,Space68,Kitchen,-1,16.700311,41.750777,Building05,2014-10-13 08:00:00,57
sensor7,FALSE,30,FixedInterval,Minute,FALSE,%,Relative humidity,Onset,Hobo U12,Space68,Kitchen,-1,16.700311,41.750777,Building05,2014-10-13 07:30:00,57
sensor7,FALSE,30,FixedInterval,Minute,FALSE,%,Relative humidity,Onset,Hobo U12,Space68,Kitchen,-1,16.700311,41.750777,Building05,2014-10-13 07:00:00,57
sensor7,FALSE,30,FixedInterval,Minute,FALSE,%,Relative humidity,Onset,Hobo U12,Space68,Kitchen,-1,16.700311,41.750777,Building05,2014-10-13 06:30:00,59
sensor7,FALSE,30,FixedInterval,Minute,FALSE,%,Relative humidity,Onset,Hobo U12,Space68,Kitchen,-1,16.700311,41.750777,Building05,2014-10-13 06:00:00,57
sensor7,FALSE,30,FixedInterval,Minute,FALSE,%,Relative humidity,Onset,Hobo U12,Space68,Kitchen,-1,16.700311,41.750777,Building05,2014-10-13 05:30:00,58
sensor7,FALSE,30,FixedInterval,Minute,FALSE,%,Relative humidity,Onset,Hobo U12,Space68,Kitchen,-1,16.700311,41.750777,Building05,2014-10-13 05:00:00,58
sensor7,FALSE,30,FixedInterval,Minute,FALSE,%,Relative humidity,Onset,Hobo U12,Space68,Kitchen,-1,16.700311,41.750777,Building05,2014-10-13 04:30:00,58
sensor7,FALSE,30,FixedInterval,Minute,FALSE,%,Relative humidity,Onset,Hobo U12,Space68,Kitchen,-1,16.700311,41.750777,Building05,2014-10-13 04:00:00,57
sensor7,FALSE,30,FixedInterval,Minute,FALSE,%,Relative humidity,Onset,Hobo U12,Space68,Kitchen,-1,16.700311,41.750777,Building05,2014-10-13 03:30:00,57
sensor7,FALSE,30,FixedInterval,Minute,FALSE,%,Relative humidity,Onset,Hobo U12,Space68,Kitchen,-1,16.700311,41.750777,Building05,2014-10-13 03:00:00,56
sensor7,FALSE,30,FixedInterval,Minute,FALSE,%,Relative humidity,Onset,Hobo U12,Space68,Kitchen,-1,16.700311,41.750777,Building05,2014-10-13 02:30:00,56
sensor7,FALSE,30,FixedInterval,Minute,FALSE,%,Relative humidity,Onset,Hobo U12,Space68,Kitchen,-1,16.700311,41.750777,Building05,2014-10-13 02:00:00,56
sensor7,FALSE,30,FixedInterval,Minute,FALSE,%,Relative humidity,Onset,Hobo U12,Space68,Kitchen,-1,16.700311,41.750777,Building05,2014-10-13 01:30:00,55
sensor7,FALSE,30,FixedInterval,Minute,FALSE,%,Relative humidity,Onset,Hobo U12,Space68,Kitchen,-1,16.700311,41.750777,Building05,2014-10-13 01:00:00,55
sensor7,FALSE,30,FixedInterval,Minute,FALSE,%,Relative humidity,Onset,Hobo U12,Space68,Kitchen,-1,16.700311,41.750777,Building05,2014-10-13 00:30:00,55
sensor7,FALSE,30,FixedInterval,Minute,FALSE,%,Relative humidity,Onset,Hobo U12,Space68,Kitchen,-1,16.700311,41.750777,Building05,2014-10-13 00:00:00,55
sensor7,FALSE,30,FixedInterval,Minute,FALSE,%,Relative humidity,Onset,Hobo U12,Space68,Kitchen,-1,16.700311,41.750777,Building05,2014-10-12 23:30:00,54
sensor7,FALSE,30,FixedInterval,Minute,FALSE,%,Relative humidity,Onset,Hobo U12,Space68,Kitchen,-1,16.700311,41.750777,Building05,2014-10-11 04:00:00,60
sensor7,FALSE,30,FixedInterval,Minute,FALSE,%,Relative humidity,Onset,Hobo U12,Space68,Kitchen,-1,16.700311,41.750777,Building05,2014-10-11 03:30:00,60
sensor7,FALSE,30,FixedInterval,Minute,FALSE,%,Relative humidity,Onset,Hobo U12,Space68,Kitchen,-1,16.700311,41.750777,Building05,2014-10-11 03:00:00,59
sensor7,FALSE,30,FixedInterval,Minute,FALSE,%,Relative humidity,Onset,Hobo U12,Space68,Kitchen,-1,16.700311,41.750777,Building05,2014-10-11 02:30:00,59
sensor7,FALSE,30,FixedInterval,Minute,FALSE,%,Relative humidity,Onset,Hobo U12,Space68,Kitchen,-1,16.700311,41.750777,Building05,2014-10-11 02:00:00,59
sensor7,FALSE,30,FixedInterval,Minute,FALSE,%,Relative humidity,Onset,Hobo U12,Space68,Kitchen,-1,16.700311,41.750777,Building05,2014-10-11 01:30:00,59
sensor7,FALSE,30,FixedInterval,Minute,FALSE,%,Relative humidity,Onset,Hobo U12,Space68,Kitchen,-1,16.700311,41.750777,Building05,2014-10-11 01:00:00,59
sensor7,FALSE,30,FixedInterval,Minute,FALSE,%,Relative humidity,Onset,Hobo U12,Space68,Kitchen,-1,16.700311,41.750777,Building05,2014-10-11 00:30:00,59
sensor7,FALSE,30,FixedInterval,Minute,FALSE,%,Relative humidity,Onset,Hobo U12,Space68,Kitchen,-1,16.700311,41.750777,Building05,2014-10-11 00:00:00,59
sensor7,FALSE,30,FixedInterval,Minute,FALSE,%,Relative humidity,Onset,Hobo U12,Space68,Kitchen,-1,16.700311,41.750777,Building05,2014-10-10 23:30:00,60
sensor7,FALSE,30,FixedInterval,Minute,FALSE,%,Relative humidity,Onset,Hobo U12,Space68,Kitchen,-1,16.700311,41.750777,Building05,2014-10-10 23:00:00,60
sensor7,FALSE,30,FixedInterval,Minute,FALSE,%,Relative humidity,Onset,Hobo U12,Space68,Kitchen,-1,16.700311,41.750777,Building05,2014-10-10 22:30:00,59
sensor7,FALSE,30,FixedInterval,Minute,FALSE,%,Relative humidity,Onset,Hobo U12,Space68,Kitchen,-1,16.700311,41.750777,Building05,2014-10-10 22:00:00,59
sensor7,FALSE,30,FixedInterval,Minute,FALSE,%,Relative humidity,Onset,Hobo U12,Space68,Kitchen,-1,16.700311,41.750777,Building05,2014-10-10 21:30:00,59
sensor7,FALSE,30,FixedInterval,Minute,FALSE,%,Relative humidity,Onset,Hobo U12,Space68,Kitchen,-1,16.700311,41.750777,Building05,2014-10-10 21:00:00,59
sensor7,FALSE,30,FixedInterval,Minute,FALSE,%,Relative humidity,Onset,Hobo U12,Space68,Kitchen,-1,16.700311,41.750777,Building05,2014-10-10 20:30:00,60
sensor7,FALSE,30,FixedInterval,Minute,FALSE,%,Relative humidity,Onset,Hobo U12,Space68,Kitchen,-1,16.700311,41.750777,Building05,2014-10-10 20:00:00,60
sensor7,FALSE,30,FixedInterval,Minute,FALSE,%,Relative humidity,Onset,Hobo U12,Space68,Kitchen,-1,16.700311,41.750777,Building05,2014-10-10 19:30:00,61
sensor7,FALSE,30,FixedInterval,Minute,FALSE,%,Relative humidity,Onset,Hobo U12,Space68,Kitchen,-1,16.700311,41.750777,Building05,2014-10-10 19:00:00,60
sensor7,FALSE,30,FixedInterval,Minute,FALSE,%,Relative humidity,Onset,Hobo U12,Space68,Kitchen,-1,16.700311,41.750777,Building05,2014-10-10 18:30:00,60
sensor7,FALSE,30,FixedInterval,Minute,FALSE,%,Relative humidity,Onset,Hobo U12,Space68,Kitchen,-1,16.700311,41.750777,Building05,2014-10-10 18:00:00,60
sensor7,FALSE,30,FixedInterval,Minute,FALSE,%,Relative humidity,Onset,Hobo U12,Space68,Kitchen,-1,16.700311,41.750777,Building05,2014-10-10 17:30:00,60
sensor7,FALSE,30,FixedInterval,Minute,FALSE,%,Relative humidity,Onset,Hobo U12,Space68,Kitchen,-1,16.700311,41.750777,Building05,2014-10-10 17:00:00,60
sensor7,FALSE,30,FixedInterval,Minute,FALSE,%,Relative humidity,Onset,Hobo U12,Space68,Kitchen,-1,16.700311,41.750777,Building05,2014-10-10 16:30:00,60
sensor7,FALSE,30,FixedInterval,Minute,FALSE,%,Relative humidity,Onset,Hobo U12,Space68,Kitchen,-1,16.700311,41.750777,Building05,2014-10-10 16:00:00,60
sensor7,FALSE,30,FixedInterval,Minute,FALSE,%,Relative humidity,Onset,Hobo U12,Space68,Kitchen,-1,16.700311,41.750777,Building05,2014-10-10 15:30:00,60
sensor7,FALSE,30,FixedInterval,Minute,FALSE,%,Relative humidity,Onset,Hobo U12,Space68,Kitchen,-1,16.700311,41.750777,Building05,2014-10-10 15:00:00,60
sensor7,FALSE,30,FixedInterval,Minute,FALSE,%,Relative humidity,Onset,Hobo U12,Space68,Kitchen,-1,16.700311,41.750777,Building05,2014-10-10 14:30:00,60
sensor7,FALSE,30,FixedInterval,Minute,FALSE,%,Relative humidity,Onset,Hobo U12,Space68,Kitchen,-1,16.700311,41.750777,Building05,2014-10-10 14:00:00,60
sensor7,FALSE,30,FixedInterval,Minute,FALSE,%,Relative humidity,Onset,Hobo U12,Space68,Kitchen,-1,16.700311,41.750777,Building05,2014-10-10 13:30:00,60
sensor7,FALSE,30,FixedInterval,Minute,FALSE,%,Relative humidity,Onset,Hobo U12,Space68,Kitchen,-1,16.700311,41.750777,Building05,2014-10-10 13:00:00,61
sensor7,FALSE,30,FixedInterval,Minute,FALSE,%,Relative humidity,Onset,Hobo U12,Space68,Kitchen,-1,16.700311,41.750777,Building05,2014-10-10 12:30:00,61
sensor7,FALSE,30,FixedInterval,Minute,FALSE,%,Relative humidity,Onset,Hobo U12,Space68,Kitchen,-1,16.700311,41.750777,Building05,2014-10-10 12:00:00,60
sensor7,FALSE,30,FixedInterval,Minute,FALSE,%,Relative humidity,Onset,Hobo U12,Space68,Kitchen,-1,16.700311,41.750777,Building05,2014-10-10 11:30:00,61
sensor7,FALSE,30,FixedInterval,Minute,FALSE,%,Relative humidity,Onset,Hobo U12,Space68,Kitchen,-1,16.700311,41.750777,Building05,2014-10-10 11:00:00,61
sensor7,FALSE,30,FixedInterval,Minute,FALSE,%,Relative humidity,Onset,Hobo U12,Space68,Kitchen,-1,16.700311,41.750777,Building05,2014-10-10 10:30:00,62
sensor7,FALSE,30,FixedInterval,Minute,FALSE,%,Relative humidity,Onset,Hobo U12,Space68,Kitchen,-1,16.700311,41.750777,Building05,2014-10-10 10:00:00,59
sensor7,FALSE,30,FixedInterval,Minute,FALSE,%,Relative humidity,Onset,Hobo U12,Space68,Kitchen,-1,16.700311,41.750777,Building05,2014-10-10 09:30:00,59
sensor7,FALSE,30,FixedInterval,Minute,FALSE,%,Relative humidity,Onset,Hobo U12,Space68,Kitchen,-1,16.700311,41.750777,Building05,2014-10-10 09:00:00,60
sensor7,FALSE,30,FixedInterval,Minute,FALSE,%,Relative humidity,Onset,Hobo U12,Space68,Kitchen,-1,16.700311,41.750777,Building05,2014-10-10 08:30:00,58
sensor7,FALSE,30,FixedInterval,Minute,FALSE,%,Relative humidity,Onset,Hobo U12,Space68,Kitchen,-1,16.700311,41.750777,Building05,2014-10-10 08:00:00,59
sensor7,FALSE,30,FixedInterval,Minute,FALSE,%,Relative humidity,Onset,Hobo U12,Space68,Kitchen,-1,16.700311,41.750777,Building05,2014-10-10 07:30:00,59
sensor7,FALSE,30,FixedInterval,Minute,FALSE,%,Relative humidity,Onset,Hobo U12,Space68,Kitchen,-1,16.700311,41.750777,Building05,2014-10-10 07:00:00,60
sensor7,FALSE,30,FixedInterval,Minute,FALSE,%,Relative humidity,Onset,Hobo U12,Space68,Kitchen,-1,16.700311,41.750777,Building05,2014-10-09 09:00:00,58
sensor7,FALSE,30,FixedInterval,Minute,FALSE,%,Relative humidity,Onset,Hobo U12,Space68,Kitchen,-1,16.700311,41.750777,Building05,2014-10-09 08:30:00,59
sensor7,FALSE,30,FixedInterval,Minute,FALSE,%,Relative humidity,Onset,Hobo U12,Space68,Kitchen,-1,16.700311,41.750777,Building05,2014-10-09 08:00:00,58
sensor7,FALSE,30,FixedInterval,Minute,FALSE,%,Relative humidity,Onset,Hobo U12,Space68,Kitchen,-1,16.700311,41.750777,Building05,2014-10-09 07:30:00,59
sensor7,FALSE,30,FixedInterval,Minute,FALSE,%,Relative humidity,Onset,Hobo U12,Space68,Kitchen,-1,16.700311,41.750777,Building05,2014-10-09 07:00:00,60
sensor7,FALSE,30,FixedInterval,Minute,FALSE,%,Relative humidity,Onset,Hobo U12,Space68,Kitchen,-1,16.700311,41.750777,Building05,2014-10-09 06:30:00,59
sensor7,FALSE,30,FixedInterval,Minute,FALSE,%,Relative humidity,Onset,Hobo U12,Space68,Kitchen,-1,16.700311,41.750777,Building05,2014-10-09 06:00:00,59
sensor7,FALSE,30,FixedInterval,Minute,FALSE,%,Relative humidity,Onset,Hobo U12,Space68,Kitchen,-1,16.700311,41.750777,Building05,2014-10-09 05:30:00,61
sensor7,FALSE,30,FixedInterval,Minute,FALSE,%,Relative humidity,Onset,Hobo U12,Space68,Kitchen,-1,16.700311,41.750777,Building05,2014-10-09 05:00:00,60
sensor7,FALSE,30,FixedInterval,Minute,FALSE,%,Relative humidity,Onset,Hobo U12,Space68,Kitchen,-1,16.700311,41.750777,Building05,2014-10-09 04:30:00,60
sensor7,FALSE,30,FixedInterval,Minute,FALSE,%,Relative humidity,Onset,Hobo U12,Space68,Kitchen,-1,16.700311,41.750777,Building05,2014-10-09 04:00:00,60
sensor7,FALSE,30,FixedInterval,Minute,FALSE,%,Relative humidity,Onset,Hobo U12,Space68,Kitchen,-1,16.700311,41.750777,Building05,2014-10-09 03:30:00,60
sensor7,FALSE,30,FixedInterval,Minute,FALSE,%,Relative humidity,Onset,Hobo U12,Space68,Kitchen,-1,16.700311,41.750777,Building05,2014-10-09 03:00:00,59
sensor7,FALSE,30,FixedInterval,Minute,FALSE,%,Relative humidity,Onset,Hobo U12,Space68,Kitchen,-1,16.700311,41.750777,Building05,2014-10-09 02:30:00,59
sensor7,FALSE,30,FixedInterval,Minute,FALSE,%,Relative humidity,Onset,Hobo U12,Space68,Kitchen,-1,16.700311,41.750777,Building05,2014-10-09 02:00:00,58
sensor7,FALSE,30,FixedInterval,Minute,FALSE,%,Relative humidity,Onset,Hobo U12,Space68,Kitchen,-1,16.700311,41.750777,Building05,2014-10-09 01:30:00,58
sensor7,FALSE,30,FixedInterval,Minute,FALSE,%,Relative humidity,Onset,Hobo U12,Space68,Kitchen,-1,16.700311,41.750777,Building05,2014-10-09 01:00:00,58
sensor7,FALSE,30,FixedInterval,Minute,FALSE,%,Relative humidity,Onset,Hobo U12,Space68,Kitchen,-1,16.700311,41.750777,Building05,2014-10-09 00:30:00,58
sensor7,FALSE,30,FixedInterval,Minute,FALSE,%,Relative humidity,Onset,Hobo U12,Space68,Kitchen,-1,16.700311,41.750777,Building05,2014-10-09 00:00:00,58
sensor7,FALSE,30,FixedInterval,Minute,FALSE,%,Relative humidity,Onset,Hobo U12,Space68,Kitchen,-1,16.700311,41.750777,Building05,2014-10-08 23:30:00,58
sensor7,FALSE,30,FixedInterval,Minute,FALSE,%,Relative humidity,Onset,Hobo U12,Space68,Kitchen,-1,16.700311,41.750777,Building05,2014-10-08 23:00:00,58
sensor7,FALSE,30,FixedInterval,Minute,FALSE,%,Relative humidity,Onset,Hobo U12,Space68,Kitchen,-1,16.700311,41.750777,Building05,2014-10-08 22:30:00,57
sensor7,FALSE,30,FixedInterval,Minute,FALSE,%,Relative humidity,Onset,Hobo U12,Space68,Kitchen,-1,16.700311,41.750777,Building05,2014-10-08 22:00:00,57
sensor7,FALSE,30,FixedInterval,Minute,FALSE,%,Relative humidity,Onset,Hobo U12,Space68,Kitchen,-1,16.700311,41.750777,Building05,2014-10-08 21:30:00,58
sensor7,FALSE,30,FixedInterval,Minute,FALSE,%,Relative humidity,Onset,Hobo U12,Space68,Kitchen,-1,16.700311,41.750777,Building05,2014-10-08 21:00:00,58
sensor7,FALSE,30,FixedInterval,Minute,FALSE,%,Relative humidity,Onset,Hobo U12,Space68,Kitchen,-1,16.700311,41.750777,Building05,2014-10-08 20:30:00,58
sensor7,FALSE,30,FixedInterval,Minute,FALSE,%,Relative humidity,Onset,Hobo U12,Space68,Kitchen,-1,16.700311,41.750777,Building05,2014-10-08 20:00:00,58
sensor7,FALSE,30,FixedInterval,Minute,FALSE,%,Relative humidity,Onset,Hobo U12,Space68,Kitchen,-1,16.700311,41.750777,Building05,2014-10-08 19:30:00,59
sensor7,FALSE,30,FixedInterval,Minute,FALSE,%,Relative humidity,Onset,Hobo U12,Space68,Kitchen,-1,16.700311,41.750777,Building05,2014-10-08 19:00:00,60
sensor7,FALSE,30,FixedInterval,Minute,FALSE,%,Relative humidity,Onset,Hobo U12,Space68,Kitchen,-1,16.700311,41.750777,Building05,2014-10-08 18:30:00,61
sensor7,FALSE,30,FixedInterval,Minute,FALSE,%,Relative humidity,Onset,Hobo U12,Space68,Kitchen,-1,16.700311,41.750777,Building05,2014-10-08 18:00:00,61
sensor7,FALSE,30,FixedInterval,Minute,FALSE,%,Relative humidity,Onset,Hobo U12,Space68,Kitchen,-1,16.700311,41.750777,Building05,2014-10-08 17:30:00,64
sensor7,FALSE,30,FixedInterval,Minute,FALSE,%,Relative humidity,Onset,Hobo U12,Space68,Kitchen,-1,16.700311,41.750777,Building05,2014-10-08 17:00:00,59
sensor7,FALSE,30,FixedInterval,Minute,FALSE,%,Relative humidity,Onset,Hobo U12,Space68,Kitchen,-1,16.700311,41.750777,Building05,2014-10-08 16:30:00,59
sensor7,FALSE,30,FixedInterval,Minute,FALSE,%,Relative humidity,Onset,Hobo U12,Space68,Kitchen,-1,16.700311,41.750777,Building05,2014-10-08 16:00:00,60
sensor8,FALSE,30,FixedInterval,Minute,FALSE,%,Relative humidity,Onset,Hobo U12,Space68,Kitchen,-1,16.700311,41.750777,Building05,2014-10-08 15:30:00,60
sensor9,FALSE,30,FixedInterval,Minute,FALSE,%,Relative humidity,Onset,Hobo U12,Space68,Kitchen,-1,16.700311,41.750777,Building05,2014-10-08 15:00:00,59
sensor10,FALSE,30,FixedInterval,Minute,FALSE,%,Relative humidity,Onset,Hobo U12,Space68,Kitchen,-1,16.700311,41.750777,Building05,2014-10-08 14:30:00,58
sensor11,FALSE,30,FixedInterval,Minute,FALSE,%,Relative humidity,Onset,Hobo U12,Space68,Kitchen,-1,16.700311,41.750777,Building05,2014-10-08 14:00:00,58
sensor12,FALSE,30,FixedInterval,Minute,FALSE,%,Relative humidity,Onset,Hobo U12,Space68,Kitchen,-1,16.700311,41.750777,Building05,2014-10-08 13:30:00,57
sensor13,FALSE,30,FixedInterval,Minute,FALSE,%,Relative humidity,Onset,Hobo U12,Space68,Kitchen,-1,16.700311,41.750777,Building05,2014-10-08 13:00:00,57
sensor14,FALSE,30,FixedInterval,Minute,FALSE,%,Relative humidity,Onset,Hobo U12,Space68,Kitchen,-1,16.700311,41.750777,Building05,2014-10-08 12:30:00,57
sensor15,FALSE,30,FixedInterval,Minute,FALSE,%,Relative humidity,Onset,Hobo U12,Space68,Kitchen,-1,16.700311,41.750777,Building05,2014-10-08 12:00:00,57